experiment,model,auc,feature,group,importance_mean,importance_std,n_folds
setup_01_biraffe2_ecg_baseline,RandomForest,0.35632653061224495,DFA_alpha1,ECG,-0.000428482048062303,0.034848150119283196,99
setup_01_biraffe2_ecg_baseline,RandomForest,0.35632653061224495,DFA_alpha2,ECG,0.0011309484438539357,0.0412467101156174,99
setup_01_biraffe2_ecg_baseline,RandomForest,0.35632653061224495,HF,ECG,0.004416983152474879,0.04058160253901536,99
setup_01_biraffe2_ecg_baseline,RandomForest,0.35632653061224495,LF,ECG,-0.0003767174678185108,0.03638092223481936,99
setup_01_biraffe2_ecg_baseline,RandomForest,0.35632653061224495,LF_HF,ECG,0.0029129429653364,0.048033428778936106,99
setup_01_biraffe2_ecg_baseline,RandomForest,0.35632653061224495,RMSSD,ECG,-0.008990706872502275,0.048861709708263895,99
setup_01_biraffe2_ecg_baseline,RandomForest,0.35632653061224495,SDNN,ECG,0.0039564031692425955,0.04586950387337688,99
setup_01_biraffe2_ecg_baseline,RandomForest,0.35632653061224495,TP,ECG,0.0018204544566482836,0.03158612229281919,99
setup_01_biraffe2_ecg_baseline,RandomForest,0.35632653061224495,VLF,ECG,0.0,0.0,99
setup_01_biraffe2_ecg_baseline,RandomForest,0.35632653061224495,hr_mean,ECG,0.005232309550674024,0.05141567037940956,99
setup_01_biraffe2_ecg_baseline,RandomForest,0.35632653061224495,pNN50,ECG,-0.002479335702541647,0.038801902134988346,99
setup_01_biraffe2_ecg_baseline,RandomForest,0.35632653061224495,sample_entropy,ECG,-0.005208754313565773,0.04974812725276292,99
setup_01_biraffe2_ecg_baseline_avg_levels,RandomForest,0.3804081632653061,DFA_alpha1,ECG,0.0031433638643626745,0.030815599888934675,99
setup_01_biraffe2_ecg_baseline_avg_levels,RandomForest,0.3804081632653061,DFA_alpha2,ECG,0.0010248340584445607,0.04132255100918564,99
setup_01_biraffe2_ecg_baseline_avg_levels,RandomForest,0.3804081632653061,HF,ECG,0.004634326184437144,0.031326890349137534,99
setup_01_biraffe2_ecg_baseline_avg_levels,RandomForest,0.3804081632653061,LF,ECG,0.004317293802656433,0.03166926094009979,99
setup_01_biraffe2_ecg_baseline_avg_levels,RandomForest,0.3804081632653061,LF_HF,ECG,0.002940119964208577,0.031778819868799796,99
setup_01_biraffe2_ecg_baseline_avg_levels,RandomForest,0.3804081632653061,RMSSD,ECG,0.0018099807891636846,0.04395369124658827,99
setup_01_biraffe2_ecg_baseline_avg_levels,RandomForest,0.3804081632653061,SDNN,ECG,0.012208271140107745,0.03934816672137468,99
setup_01_biraffe2_ecg_baseline_avg_levels,RandomForest,0.3804081632653061,TP,ECG,0.006277845446956266,0.034024787538199965,99
setup_01_biraffe2_ecg_baseline_avg_levels,RandomForest,0.3804081632653061,VLF,ECG,0.0,0.0,99
setup_01_biraffe2_ecg_baseline_avg_levels,RandomForest,0.3804081632653061,hr_mean,ECG,-0.004367039780322301,0.043738847432706805,99
setup_01_biraffe2_ecg_baseline_avg_levels,RandomForest,0.3804081632653061,pNN50,ECG,0.004072430275278533,0.039488442786498934,99
setup_01_biraffe2_ecg_baseline_avg_levels,RandomForest,0.3804081632653061,sample_entropy,ECG,0.009559693727373218,0.0494170540392026,99
setup_01_biraffe2_ecg_baseline_avg_levels_real_level_times,RandomForest,0.3804081632653061,DFA_alpha1,ECG,0.0031433638643626745,0.030815599888934675,99
setup_01_biraffe2_ecg_baseline_avg_levels_real_level_times,RandomForest,0.3804081632653061,DFA_alpha2,ECG,0.0010248340584445607,0.04132255100918564,99
setup_01_biraffe2_ecg_baseline_avg_levels_real_level_times,RandomForest,0.3804081632653061,HF,ECG,0.004634326184437144,0.031326890349137534,99
setup_01_biraffe2_ecg_baseline_avg_levels_real_level_times,RandomForest,0.3804081632653061,LF,ECG,0.004317293802656433,0.03166926094009979,99
setup_01_biraffe2_ecg_baseline_avg_levels_real_level_times,RandomForest,0.3804081632653061,LF_HF,ECG,0.002940119964208577,0.031778819868799796,99
setup_01_biraffe2_ecg_baseline_avg_levels_real_level_times,RandomForest,0.3804081632653061,RMSSD,ECG,0.0018099807891636846,0.04395369124658827,99
setup_01_biraffe2_ecg_baseline_avg_levels_real_level_times,RandomForest,0.3804081632653061,SDNN,ECG,0.012208271140107745,0.03934816672137468,99
setup_01_biraffe2_ecg_baseline_avg_levels_real_level_times,RandomForest,0.3804081632653061,TP,ECG,0.006277845446956266,0.034024787538199965,99
setup_01_biraffe2_ecg_baseline_avg_levels_real_level_times,RandomForest,0.3804081632653061,VLF,ECG,0.0,0.0,99
setup_01_biraffe2_ecg_baseline_avg_levels_real_level_times,RandomForest,0.3804081632653061,hr_mean,ECG,-0.004367039780322301,0.043738847432706805,99
setup_01_biraffe2_ecg_baseline_avg_levels_real_level_times,RandomForest,0.3804081632653061,pNN50,ECG,0.004072430275278533,0.039488442786498934,99
setup_01_biraffe2_ecg_baseline_avg_levels_real_level_times,RandomForest,0.3804081632653061,sample_entropy,ECG,0.009559693727373218,0.0494170540392026,99
setup_01_biraffe2_ecg_baseline_real_level_times,RandomForest,0.35632653061224495,DFA_alpha1,ECG,-0.000428482048062303,0.034848150119283196,99
setup_01_biraffe2_ecg_baseline_real_level_times,RandomForest,0.35632653061224495,DFA_alpha2,ECG,0.0011309484438539357,0.0412467101156174,99
setup_01_biraffe2_ecg_baseline_real_level_times,RandomForest,0.35632653061224495,HF,ECG,0.004416983152474879,0.04058160253901536,99
setup_01_biraffe2_ecg_baseline_real_level_times,RandomForest,0.35632653061224495,LF,ECG,-0.0003767174678185108,0.03638092223481936,99
setup_01_biraffe2_ecg_baseline_real_level_times,RandomForest,0.35632653061224495,LF_HF,ECG,0.0029129429653364,0.048033428778936106,99
setup_01_biraffe2_ecg_baseline_real_level_times,RandomForest,0.35632653061224495,RMSSD,ECG,-0.008990706872502275,0.048861709708263895,99
setup_01_biraffe2_ecg_baseline_real_level_times,RandomForest,0.35632653061224495,SDNN,ECG,0.0039564031692425955,0.04586950387337688,99
setup_01_biraffe2_ecg_baseline_real_level_times,RandomForest,0.35632653061224495,TP,ECG,0.0018204544566482836,0.03158612229281919,99
setup_01_biraffe2_ecg_baseline_real_level_times,RandomForest,0.35632653061224495,VLF,ECG,0.0,0.0,99
setup_01_biraffe2_ecg_baseline_real_level_times,RandomForest,0.35632653061224495,hr_mean,ECG,0.005232309550674024,0.05141567037940956,99
setup_01_biraffe2_ecg_baseline_real_level_times,RandomForest,0.35632653061224495,pNN50,ECG,-0.002479335702541647,0.038801902134988346,99
setup_01_biraffe2_ecg_baseline_real_level_times,RandomForest,0.35632653061224495,sample_entropy,ECG,-0.005208754313565773,0.04974812725276292,99
setup_01c_biraffe2_ecg_levels_as_subjects,RandomForest,0.6279092702169625,DFA_alpha1,ECG,0.00803997172418225,0.08556690224354635,247
setup_01c_biraffe2_ecg_levels_as_subjects,RandomForest,0.6279092702169625,DFA_alpha2,ECG,0.007484474589737748,0.0807115059049572,247
setup_01c_biraffe2_ecg_levels_as_subjects,RandomForest,0.6279092702169625,HF,ECG,0.010050738734949266,0.1015704985783669,247
setup_01c_biraffe2_ecg_levels_as_subjects,RandomForest,0.6279092702169625,LF,ECG,-0.00048606364395838023,0.09507536775477338,247
setup_01c_biraffe2_ecg_levels_as_subjects,RandomForest,0.6279092702169625,LF_HF,ECG,0.003799971957866694,0.09758744943049927,247
setup_01c_biraffe2_ecg_levels_as_subjects,RandomForest,0.6279092702169625,RMSSD,ECG,0.015055996634944002,0.09980437536677964,247
setup_01c_biraffe2_ecg_levels_as_subjects,RandomForest,0.6279092702169625,SDNN,ECG,0.005621191673823253,0.08890520905611046,247
setup_01c_biraffe2_ecg_levels_as_subjects,RandomForest,0.6279092702169625,TP,ECG,0.008027761711972236,0.09684713635244187,247
setup_01c_biraffe2_ecg_levels_as_subjects,RandomForest,0.6279092702169625,VLF,ECG,0.0,0.0,247
setup_01c_biraffe2_ecg_levels_as_subjects,RandomForest,0.6279092702169625,hr_mean,ECG,0.0063781832202884844,0.09281453982697173,247
setup_01c_biraffe2_ecg_levels_as_subjects,RandomForest,0.6279092702169625,pNN50,ECG,0.003932237353289986,0.08450604096720316,247
setup_01c_biraffe2_ecg_levels_as_subjects,RandomForest,0.6279092702169625,sample_entropy,ECG,0.013064800696379645,0.10195998496909213,247
setup_01c_biraffe2_ecg_levels_as_subjects,SVM,0.5850756081525312,DFA_alpha1,ECG,0.00683021656705867,0.06946999320512597,247
setup_01c_biraffe2_ecg_levels_as_subjects,SVM,0.5850756081525312,DFA_alpha2,ECG,0.004018057965426387,0.0644026589589951,247
setup_01c_biraffe2_ecg_levels_as_subjects,SVM,0.5850756081525312,HF,ECG,0.003429611324348165,0.08127129523888088,247
setup_01c_biraffe2_ecg_levels_as_subjects,SVM,0.5850756081525312,LF,ECG,-0.002105584474005526,0.06917801296420231,247
setup_01c_biraffe2_ecg_levels_as_subjects,SVM,0.5850756081525312,LF_HF,ECG,-0.000583743741638479,0.07959067600486715,247
setup_01c_biraffe2_ecg_levels_as_subjects,SVM,0.5850756081525312,RMSSD,ECG,-0.0015384615384615385,0.08605931351056717,247
setup_01c_biraffe2_ecg_levels_as_subjects,SVM,0.5850756081525312,SDNN,ECG,-0.003438023964339754,0.07198807319467318,247
setup_01c_biraffe2_ecg_levels_as_subjects,SVM,0.5850756081525312,TP,ECG,0.00037915301073195853,0.07709151687660208,247
setup_01c_biraffe2_ecg_levels_as_subjects,SVM,0.5850756081525312,VLF,ECG,0.0,0.0,247
setup_01c_biraffe2_ecg_levels_as_subjects,SVM,0.5850756081525312,hr_mean,ECG,-0.0012738723265039054,0.07040355281073489,247
setup_01c_biraffe2_ecg_levels_as_subjects,SVM,0.5850756081525312,pNN50,ECG,-0.0017036180194074946,0.07185225284750944,247
setup_01c_biraffe2_ecg_levels_as_subjects,SVM,0.5850756081525312,sample_entropy,ECG,-0.0015490357595620758,0.08573198823456622,247
setup_01c_biraffe2_ecg_levels_as_subjects,kNN,0.6051939513477975,DFA_alpha1,ECG,0.0057807397281081484,0.12577184339379816,247
setup_01c_biraffe2_ecg_levels_as_subjects,kNN,0.6051939513477975,DFA_alpha2,ECG,0.003237960869539815,0.12900823158350075,247
setup_01c_biraffe2_ecg_levels_as_subjects,kNN,0.6051939513477975,HF,ECG,-0.005873045083571398,0.11527042395268795,247
setup_01c_biraffe2_ecg_levels_as_subjects,kNN,0.6051939513477975,LF,ECG,0.0057184628237259795,0.1249718396743951,247
setup_01c_biraffe2_ecg_levels_as_subjects,kNN,0.6051939513477975,LF_HF,ECG,0.00020053046368835394,0.14402310802994484,247
setup_01c_biraffe2_ecg_levels_as_subjects,kNN,0.6051939513477975,RMSSD,ECG,0.004477627635522373,0.09865726610097503,247
setup_01c_biraffe2_ecg_levels_as_subjects,kNN,0.6051939513477975,SDNN,ECG,0.0019519369519369512,0.10955341938778074,247
setup_01c_biraffe2_ecg_levels_as_subjects,kNN,0.6051939513477975,TP,ECG,-0.0011637485321695836,0.12661969614427124,247
setup_01c_biraffe2_ecg_levels_as_subjects,kNN,0.6051939513477975,VLF,ECG,0.0,0.0,247
setup_01c_biraffe2_ecg_levels_as_subjects,kNN,0.6051939513477975,hr_mean,ECG,-0.0002853871274923893,0.10450990126487439,247
setup_01c_biraffe2_ecg_levels_as_subjects,kNN,0.6051939513477975,pNN50,ECG,0.00013869171763908653,0.08290857164056761,247
setup_01c_biraffe2_ecg_levels_as_subjects,kNN,0.6051939513477975,sample_entropy,ECG,-0.000433455433455438,0.13438111843825837,247
setup_01c_biraffe2_ecg_levels_as_subjects,LogisticRegression,0.5717948717948718,DFA_alpha1,ECG,-0.00236202394097131,0.049710099303170024,247
setup_01c_biraffe2_ecg_levels_as_subjects,LogisticRegression,0.5717948717948718,DFA_alpha2,ECG,-0.003210269262900842,0.05126043547390805,247
setup_01c_biraffe2_ecg_levels_as_subjects,LogisticRegression,0.5717948717948718,HF,ECG,0.001967944336365391,0.14888128999943095,247
setup_01c_biraffe2_ecg_levels_as_subjects,LogisticRegression,0.5717948717948718,LF,ECG,0.014363239100081209,0.1588184477437662,247
setup_01c_biraffe2_ecg_levels_as_subjects,LogisticRegression,0.5717948717948718,LF_HF,ECG,-0.0012487220381957218,0.07385167683929415,247
setup_01c_biraffe2_ecg_levels_as_subjects,LogisticRegression,0.5717948717948718,RMSSD,ECG,5.550005550014254e-07,0.0849621011196385,247
setup_01c_biraffe2_ecg_levels_as_subjects,LogisticRegression,0.5717948717948718,SDNN,ECG,-0.007596964439069702,0.09229886081465784,247
setup_01c_biraffe2_ecg_levels_as_subjects,LogisticRegression,0.5717948717948718,TP,ECG,0.023431159483791066,0.19979379533411737,247
setup_01c_biraffe2_ecg_levels_as_subjects,LogisticRegression,0.5717948717948718,VLF,ECG,0.0,0.0,247
setup_01c_biraffe2_ecg_levels_as_subjects,LogisticRegression,0.5717948717948718,hr_mean,ECG,0.0028316712527238857,0.07790074791566078,247
setup_01c_biraffe2_ecg_levels_as_subjects,LogisticRegression,0.5717948717948718,pNN50,ECG,0.0011369040316408735,0.10220461431384828,247
setup_01c_biraffe2_ecg_levels_as_subjects,LogisticRegression,0.5717948717948718,sample_entropy,ECG,-0.0005266663161400005,0.09024373189116687,247
setup_01c_biraffe2_ecg_levels_as_subjects,XGBoost,0.6211045364891519,DFA_alpha1,ECG,0.00211002447844553,0.08125322811330041,247
setup_01c_biraffe2_ecg_levels_as_subjects,XGBoost,0.6211045364891519,DFA_alpha2,ECG,0.0,0.0,247
setup_01c_biraffe2_ecg_levels_as_subjects,XGBoost,0.6211045364891519,HF,ECG,0.010156889893732,0.07993959317051418,247
setup_01c_biraffe2_ecg_levels_as_subjects,XGBoost,0.6211045364891519,LF,ECG,0.003526590368695631,0.08688843844773522,247
setup_01c_biraffe2_ecg_levels_as_subjects,XGBoost,0.6211045364891519,LF_HF,ECG,-0.0016373392689182156,0.08105854467131401,247
setup_01c_biraffe2_ecg_levels_as_subjects,XGBoost,0.6211045364891519,RMSSD,ECG,0.008380245485508645,0.09483215460631983,247
setup_01c_biraffe2_ecg_levels_as_subjects,XGBoost,0.6211045364891519,SDNN,ECG,0.003179218442376338,0.07684845018542047,247
setup_01c_biraffe2_ecg_levels_as_subjects,XGBoost,0.6211045364891519,TP,ECG,0.006536212325686012,0.0865714480966195,247
setup_01c_biraffe2_ecg_levels_as_subjects,XGBoost,0.6211045364891519,VLF,ECG,0.0,0.0,247
setup_01c_biraffe2_ecg_levels_as_subjects,XGBoost,0.6211045364891519,hr_mean,ECG,0.0010744810744810743,0.0731999558137636,247
setup_01c_biraffe2_ecg_levels_as_subjects,XGBoost,0.6211045364891519,pNN50,ECG,0.012521513574145155,0.06939138324356113,247
setup_01c_biraffe2_ecg_levels_as_subjects,XGBoost,0.6211045364891519,sample_entropy,ECG,-9.499272657167372e-05,0.08656063199270889,247
setup_01c_biraffe2_ecg_levels_as_subjects_real_level_times,RandomForest,0.5583762376237624,DFA_alpha1,ECG,0.0026160180845240695,0.07498918272963338,226
setup_01c_biraffe2_ecg_levels_as_subjects_real_level_times,RandomForest,0.5583762376237624,DFA_alpha2,ECG,0.002196915670366997,0.06547115261268088,226
setup_01c_biraffe2_ecg_levels_as_subjects_real_level_times,RandomForest,0.5583762376237624,HF,ECG,0.0022945806001506155,0.08380783565692489,226
setup_01c_biraffe2_ecg_levels_as_subjects_real_level_times,RandomForest,0.5583762376237624,LF,ECG,-0.005962130587325798,0.0726184843420011,226
setup_01c_biraffe2_ecg_levels_as_subjects_real_level_times,RandomForest,0.5583762376237624,LF_HF,ECG,-0.006369812297714433,0.08234306460074756,226
setup_01c_biraffe2_ecg_levels_as_subjects_real_level_times,RandomForest,0.5583762376237624,RMSSD,ECG,0.003977287389572658,0.07247255126721759,226
setup_01c_biraffe2_ecg_levels_as_subjects_real_level_times,RandomForest,0.5583762376237624,SDNN,ECG,-0.002917553266329946,0.08389885649043499,226
setup_01c_biraffe2_ecg_levels_as_subjects_real_level_times,RandomForest,0.5583762376237624,TP,ECG,-0.004251945781097265,0.06767904232666709,226
setup_01c_biraffe2_ecg_levels_as_subjects_real_level_times,RandomForest,0.5583762376237624,VLF,ECG,0.0,0.0,226
setup_01c_biraffe2_ecg_levels_as_subjects_real_level_times,RandomForest,0.5583762376237624,hr_mean,ECG,0.001633350309820897,0.06291257692112569,226
setup_01c_biraffe2_ecg_levels_as_subjects_real_level_times,RandomForest,0.5583762376237624,pNN50,ECG,-0.008212834507732998,0.05985863774687641,226
setup_01c_biraffe2_ecg_levels_as_subjects_real_level_times,RandomForest,0.5583762376237624,sample_entropy,ECG,-0.0016046808186318854,0.0922056007305924,226
setup_01c_biraffe2_ecg_levels_as_subjects_real_level_times,SVM,0.5530693069306931,DFA_alpha1,ECG,-0.0017581558068283723,0.07231963481023278,226
setup_01c_biraffe2_ecg_levels_as_subjects_real_level_times,SVM,0.5530693069306931,DFA_alpha2,ECG,0.0004561383725881391,0.06711869237346126,226
setup_01c_biraffe2_ecg_levels_as_subjects_real_level_times,SVM,0.5530693069306931,HF,ECG,0.006417488174385623,0.0675147882611207,226
setup_01c_biraffe2_ecg_levels_as_subjects_real_level_times,SVM,0.5530693069306931,LF,ECG,-0.00186046124619784,0.07192849478023729,226
setup_01c_biraffe2_ecg_levels_as_subjects_real_level_times,SVM,0.5530693069306931,LF_HF,ECG,-0.004166833802440257,0.072414499992424,226
setup_01c_biraffe2_ecg_levels_as_subjects_real_level_times,SVM,0.5530693069306931,RMSSD,ECG,-0.002000050964132172,0.062093510410365545,226
setup_01c_biraffe2_ecg_levels_as_subjects_real_level_times,SVM,0.5530693069306931,SDNN,ECG,-0.008791745012463388,0.06420648686364759,226
setup_01c_biraffe2_ecg_levels_as_subjects_real_level_times,SVM,0.5530693069306931,TP,ECG,-0.005746628003265172,0.07086692251432951,226
setup_01c_biraffe2_ecg_levels_as_subjects_real_level_times,SVM,0.5530693069306931,VLF,ECG,0.0,0.0,226
setup_01c_biraffe2_ecg_levels_as_subjects_real_level_times,SVM,0.5530693069306931,hr_mean,ECG,0.0018383253625315055,0.05105307291109107,226
setup_01c_biraffe2_ecg_levels_as_subjects_real_level_times,SVM,0.5530693069306931,pNN50,ECG,-0.0044838166923018554,0.0374281836089604,226
setup_01c_biraffe2_ecg_levels_as_subjects_real_level_times,SVM,0.5530693069306931,sample_entropy,ECG,-0.007972233388683154,0.07466605943076271,226
setup_01c_biraffe2_ecg_levels_as_subjects_real_level_times,kNN,0.5173861386138614,DFA_alpha1,ECG,-0.0015182233753290506,0.1064886865492958,226
setup_01c_biraffe2_ecg_levels_as_subjects_real_level_times,kNN,0.5173861386138614,DFA_alpha2,ECG,-0.005378444650958971,0.1035367418582227,226
setup_01c_biraffe2_ecg_levels_as_subjects_real_level_times,kNN,0.5173861386138614,HF,ECG,0.0033168347067357986,0.09733868259926765,226
setup_01c_biraffe2_ecg_levels_as_subjects_real_level_times,kNN,0.5173861386138614,LF,ECG,-0.002875737687033886,0.12095274407908485,226
setup_01c_biraffe2_ecg_levels_as_subjects_real_level_times,kNN,0.5173861386138614,LF_HF,ECG,-0.011119882488961093,0.1191066967785168,226
setup_01c_biraffe2_ecg_levels_as_subjects_real_level_times,kNN,0.5173861386138614,RMSSD,ECG,0.002745642205558914,0.06797724700445261,226
setup_01c_biraffe2_ecg_levels_as_subjects_real_level_times,kNN,0.5173861386138614,SDNN,ECG,-0.00015719126729017474,0.10022255148267281,226
setup_01c_biraffe2_ecg_levels_as_subjects_real_level_times,kNN,0.5173861386138614,TP,ECG,-0.0029756650891476534,0.10643958522858071,226
setup_01c_biraffe2_ecg_levels_as_subjects_real_level_times,kNN,0.5173861386138614,VLF,ECG,0.0,0.0,226
setup_01c_biraffe2_ecg_levels_as_subjects_real_level_times,kNN,0.5173861386138614,hr_mean,ECG,-0.0035135536567082637,0.08249419879867154,226
setup_01c_biraffe2_ecg_levels_as_subjects_real_level_times,kNN,0.5173861386138614,pNN50,ECG,-0.004243313370070268,0.06030128549308465,226
setup_01c_biraffe2_ecg_levels_as_subjects_real_level_times,kNN,0.5173861386138614,sample_entropy,ECG,-0.011415857553285976,0.1334216746954791,226
setup_01c_biraffe2_ecg_levels_as_subjects_real_level_times,LogisticRegression,0.5195247524752475,DFA_alpha1,ECG,0.002675524487080968,0.020874003783319692,226
setup_01c_biraffe2_ecg_levels_as_subjects_real_level_times,LogisticRegression,0.5195247524752475,DFA_alpha2,ECG,0.0014234071209604786,0.024562918650226796,226
setup_01c_biraffe2_ecg_levels_as_subjects_real_level_times,LogisticRegression,0.5195247524752475,HF,ECG,0.008799507941881711,0.13807989092750478,226
setup_01c_biraffe2_ecg_levels_as_subjects_real_level_times,LogisticRegression,0.5195247524752475,LF,ECG,0.019793461209390413,0.16288962465215956,226
setup_01c_biraffe2_ecg_levels_as_subjects_real_level_times,LogisticRegression,0.5195247524752475,LF_HF,ECG,-0.0028339527324431034,0.08800557242887388,226
setup_01c_biraffe2_ecg_levels_as_subjects_real_level_times,LogisticRegression,0.5195247524752475,RMSSD,ECG,-0.0027708152799251185,0.10328392615265948,226
setup_01c_biraffe2_ecg_levels_as_subjects_real_level_times,LogisticRegression,0.5195247524752475,SDNN,ECG,0.0021566805858841257,0.023498393730174667,226
setup_01c_biraffe2_ecg_levels_as_subjects_real_level_times,LogisticRegression,0.5195247524752475,TP,ECG,0.011731395737121921,0.1775229899172395,226
setup_01c_biraffe2_ecg_levels_as_subjects_real_level_times,LogisticRegression,0.5195247524752475,VLF,ECG,0.0,0.0,226
setup_01c_biraffe2_ecg_levels_as_subjects_real_level_times,LogisticRegression,0.5195247524752475,hr_mean,ECG,-0.0036073387830285277,0.0564167758081458,226
setup_01c_biraffe2_ecg_levels_as_subjects_real_level_times,LogisticRegression,0.5195247524752475,pNN50,ECG,-9.339567252112722e-05,0.08997553173903369,226
setup_01c_biraffe2_ecg_levels_as_subjects_real_level_times,LogisticRegression,0.5195247524752475,sample_entropy,ECG,-6.5987572494590475e-06,0.08642772493544618,226
setup_01c_biraffe2_ecg_levels_as_subjects_real_level_times,XGBoost,0.5100990099009901,DFA_alpha1,ECG,0.0014756596575961499,0.05410879407313552,226
setup_01c_biraffe2_ecg_levels_as_subjects_real_level_times,XGBoost,0.5100990099009901,DFA_alpha2,ECG,0.0,0.0,226
setup_01c_biraffe2_ecg_levels_as_subjects_real_level_times,XGBoost,0.5100990099009901,HF,ECG,0.007131106934594702,0.06427304386743878,226
setup_01c_biraffe2_ecg_levels_as_subjects_real_level_times,XGBoost,0.5100990099009901,LF,ECG,-0.0015178147088610395,0.05453743480700321,226
setup_01c_biraffe2_ecg_levels_as_subjects_real_level_times,XGBoost,0.5100990099009901,LF_HF,ECG,-0.0016330459406982047,0.05913594364682512,226
setup_01c_biraffe2_ecg_levels_as_subjects_real_level_times,XGBoost,0.5100990099009901,RMSSD,ECG,0.003420547149073958,0.06946465646090255,226
setup_01c_biraffe2_ecg_levels_as_subjects_real_level_times,XGBoost,0.5100990099009901,SDNN,ECG,0.002819218493346552,0.07404724024875375,226
setup_01c_biraffe2_ecg_levels_as_subjects_real_level_times,XGBoost,0.5100990099009901,TP,ECG,-0.0093035625661862,0.053812190179292986,226
setup_01c_biraffe2_ecg_levels_as_subjects_real_level_times,XGBoost,0.5100990099009901,VLF,ECG,0.0,0.0,226
setup_01c_biraffe2_ecg_levels_as_subjects_real_level_times,XGBoost,0.5100990099009901,hr_mean,ECG,0.0017194195994300117,0.06418893504992386,226
setup_01c_biraffe2_ecg_levels_as_subjects_real_level_times,XGBoost,0.5100990099009901,pNN50,ECG,-0.0027726124589737273,0.05015727193036593,226
setup_01c_biraffe2_ecg_levels_as_subjects_real_level_times,XGBoost,0.5100990099009901,sample_entropy,ECG,0.0006100681087667036,0.07529505416404886,226
setup_01d_drop_unreliable_60s_features,RandomForest,0.37755102040816324,RMSSD,ECG,-0.007054931662278639,0.06426418747885176,99
setup_01d_drop_unreliable_60s_features,RandomForest,0.37755102040816324,SDNN,ECG,-0.003037060923568869,0.07616468309514805,99
setup_01d_drop_unreliable_60s_features,RandomForest,0.37755102040816324,hr_mean,ECG,-0.013810911776621162,0.059087590266818125,99
setup_01d_drop_unreliable_60s_features,RandomForest,0.37755102040816324,pNN50,ECG,-0.002311930580716112,0.050762263352029706,99
setup_01d_drop_unreliable_60s_features,RandomForest,0.37755102040816324,sample_entropy,ECG,0.00010130027202224306,0.05829736093728745,99
setup_01d_drop_unreliable_60s_features,LogisticRegression,0.3738775510204081,RMSSD,ECG,-0.03375956201930116,0.11740530085710243,99
setup_01d_drop_unreliable_60s_features,LogisticRegression,0.3738775510204081,SDNN,ECG,-0.005335166195038102,0.0478151400530022,99
setup_01d_drop_unreliable_60s_features,LogisticRegression,0.3738775510204081,hr_mean,ECG,-0.0004177264715394404,0.017300705999318874,99
setup_01d_drop_unreliable_60s_features,LogisticRegression,0.3738775510204081,pNN50,ECG,-0.025322069913393835,0.1080310323618237,99
setup_01d_drop_unreliable_60s_features,LogisticRegression,0.3738775510204081,sample_entropy,ECG,-0.00227540533191313,0.017891708548699703,99
setup_01d_drop_unreliable_60s_features,XGBoost,0.37224489795918364,RMSSD,ECG,-0.0006380077410134485,0.05964757751713507,99
setup_01d_drop_unreliable_60s_features,XGBoost,0.37224489795918364,SDNN,ECG,-0.0032975242783228813,0.05813713494948133,99
setup_01d_drop_unreliable_60s_features,XGBoost,0.37224489795918364,hr_mean,ECG,-0.012904287641452536,0.050182299116444264,99
setup_01d_drop_unreliable_60s_features,XGBoost,0.37224489795918364,pNN50,ECG,0.00011113343550868331,0.055109743825256456,99
setup_01d_drop_unreliable_60s_features,XGBoost,0.37224489795918364,sample_entropy,ECG,0.002818937567871754,0.0528190663993697,99
setup_01d_drop_unreliable_60s_features_real_level_times,RandomForest,0.37755102040816324,RMSSD,ECG,-0.007054931662278639,0.06426418747885176,99
setup_01d_drop_unreliable_60s_features_real_level_times,RandomForest,0.37755102040816324,SDNN,ECG,-0.003037060923568869,0.07616468309514805,99
setup_01d_drop_unreliable_60s_features_real_level_times,RandomForest,0.37755102040816324,hr_mean,ECG,-0.013810911776621162,0.059087590266818125,99
setup_01d_drop_unreliable_60s_features_real_level_times,RandomForest,0.37755102040816324,pNN50,ECG,-0.002311930580716112,0.050762263352029706,99
setup_01d_drop_unreliable_60s_features_real_level_times,RandomForest,0.37755102040816324,sample_entropy,ECG,0.00010130027202224306,0.05829736093728745,99
setup_01d_drop_unreliable_60s_features_real_level_times,LogisticRegression,0.3738775510204081,RMSSD,ECG,-0.03375956201930116,0.11740530085710243,99
setup_01d_drop_unreliable_60s_features_real_level_times,LogisticRegression,0.3738775510204081,SDNN,ECG,-0.005335166195038102,0.0478151400530022,99
setup_01d_drop_unreliable_60s_features_real_level_times,LogisticRegression,0.3738775510204081,hr_mean,ECG,-0.0004177264715394404,0.017300705999318874,99
setup_01d_drop_unreliable_60s_features_real_level_times,LogisticRegression,0.3738775510204081,pNN50,ECG,-0.025322069913393835,0.1080310323618237,99
setup_01d_drop_unreliable_60s_features_real_level_times,LogisticRegression,0.3738775510204081,sample_entropy,ECG,-0.00227540533191313,0.017891708548699703,99
setup_01d_drop_unreliable_60s_features_real_level_times,XGBoost,0.37224489795918364,RMSSD,ECG,-0.0006380077410134485,0.05964757751713507,99
setup_01d_drop_unreliable_60s_features_real_level_times,XGBoost,0.37224489795918364,SDNN,ECG,-0.0032975242783228813,0.05813713494948133,99
setup_01d_drop_unreliable_60s_features_real_level_times,XGBoost,0.37224489795918364,hr_mean,ECG,-0.012904287641452536,0.050182299116444264,99
setup_01d_drop_unreliable_60s_features_real_level_times,XGBoost,0.37224489795918364,pNN50,ECG,0.00011113343550868331,0.055109743825256456,99
setup_01d_drop_unreliable_60s_features_real_level_times,XGBoost,0.37224489795918364,sample_entropy,ECG,0.002818937567871754,0.0528190663993697,99
setup_01e_per_subject_normalization,RandomForest,0.47230769230769226,DFA_alpha1,ECG,0.0023026241848663927,0.0805985953622986,102
setup_01e_per_subject_normalization,RandomForest,0.47230769230769226,DFA_alpha2,ECG,0.0004928937957621076,0.0789900304033155,102
setup_01e_per_subject_normalization,RandomForest,0.47230769230769226,HF,ECG,-0.0021430438582075648,0.0661466271769548,102
setup_01e_per_subject_normalization,RandomForest,0.47230769230769226,LF,ECG,-0.0019995456824886196,0.049517275845968475,102
setup_01e_per_subject_normalization,RandomForest,0.47230769230769226,LF_HF,ECG,0.001576174762556133,0.041847279518346756,102
setup_01e_per_subject_normalization,RandomForest,0.47230769230769226,RMSSD,ECG,0.010290363273571055,0.04848997853174269,102
setup_01e_per_subject_normalization,RandomForest,0.47230769230769226,SDNN,ECG,0.0043432019308864795,0.04294610559031168,102
setup_01e_per_subject_normalization,RandomForest,0.47230769230769226,TP,ECG,-0.006092291466317261,0.06098706401637782,102
setup_01e_per_subject_normalization,RandomForest,0.47230769230769226,VLF,ECG,0.0,0.0,102
setup_01e_per_subject_normalization,RandomForest,0.47230769230769226,hr_mean,ECG,0.008523954161941317,0.049156044103077196,102
setup_01e_per_subject_normalization,RandomForest,0.47230769230769226,pNN50,ECG,0.008705134940099559,0.051865482800090276,102
setup_01e_per_subject_normalization,RandomForest,0.47230769230769226,sample_entropy,ECG,0.0018413400225201903,0.03465090534344654,102
setup_01e_per_subject_normalization,LogisticRegression,0.4530769230769231,DFA_alpha1,ECG,-0.003694068638602535,0.04723697998427374,102
setup_01e_per_subject_normalization,LogisticRegression,0.4530769230769231,DFA_alpha2,ECG,-0.0033181871209982685,0.04840168300094705,102
setup_01e_per_subject_normalization,LogisticRegression,0.4530769230769231,HF,ECG,-0.007061654638666622,0.05646404930161206,102
setup_01e_per_subject_normalization,LogisticRegression,0.4530769230769231,LF,ECG,-0.007908214467827402,0.06313984781960612,102
setup_01e_per_subject_normalization,LogisticRegression,0.4530769230769231,LF_HF,ECG,-0.0051506096845599526,0.037753388925632826,102
setup_01e_per_subject_normalization,LogisticRegression,0.4530769230769231,RMSSD,ECG,-0.0020319338195955083,0.03599529314270294,102
setup_01e_per_subject_normalization,LogisticRegression,0.4530769230769231,SDNN,ECG,-0.0014867634345905407,0.02800404803305018,102
setup_01e_per_subject_normalization,LogisticRegression,0.4530769230769231,TP,ECG,-0.0022404003713799767,0.062221553727167374,102
setup_01e_per_subject_normalization,LogisticRegression,0.4530769230769231,VLF,ECG,0.0,0.0,102
setup_01e_per_subject_normalization,LogisticRegression,0.4530769230769231,hr_mean,ECG,0.0013990795655770161,0.04570439413051563,102
setup_01e_per_subject_normalization,LogisticRegression,0.4530769230769231,pNN50,ECG,-0.0033606319804325604,0.033172200697537874,102
setup_01e_per_subject_normalization,LogisticRegression,0.4530769230769231,sample_entropy,ECG,-0.0019492046270258002,0.029679182031602035,102
setup_01e_per_subject_normalization,XGBoost,0.4257692307692308,DFA_alpha1,ECG,-0.006647260292133112,0.11251178429020092,102
setup_01e_per_subject_normalization,XGBoost,0.4257692307692308,DFA_alpha2,ECG,-0.008148559915827937,0.11722583948678346,102
setup_01e_per_subject_normalization,XGBoost,0.4257692307692308,HF,ECG,-0.010855031775439204,0.03447719238766036,102
setup_01e_per_subject_normalization,XGBoost,0.4257692307692308,LF,ECG,-0.004635734095569182,0.03264579421512235,102
setup_01e_per_subject_normalization,XGBoost,0.4257692307692308,LF_HF,ECG,-0.00470241495819074,0.051990658737522885,102
setup_01e_per_subject_normalization,XGBoost,0.4257692307692308,RMSSD,ECG,-0.002105236936252478,0.06245569689514328,102
setup_01e_per_subject_normalization,XGBoost,0.4257692307692308,SDNN,ECG,0.00032294016993819917,0.04117746221866829,102
setup_01e_per_subject_normalization,XGBoost,0.4257692307692308,TP,ECG,-0.008687942660019954,0.029857041467892066,102
setup_01e_per_subject_normalization,XGBoost,0.4257692307692308,VLF,ECG,0.0,0.0,102
setup_01e_per_subject_normalization,XGBoost,0.4257692307692308,hr_mean,ECG,0.00150893013220903,0.034121068192855986,102
setup_01e_per_subject_normalization,XGBoost,0.4257692307692308,pNN50,ECG,-0.0024890031707415893,0.07030175849814713,102
setup_01e_per_subject_normalization,XGBoost,0.4257692307692308,sample_entropy,ECG,0.0001464587773005269,0.046464275548236046,102
setup_01e_per_subject_normalization_real_level_times,RandomForest,0.47230769230769226,DFA_alpha1,ECG,0.0023026241848663927,0.0805985953622986,102
setup_01e_per_subject_normalization_real_level_times,RandomForest,0.47230769230769226,DFA_alpha2,ECG,0.0004928937957621076,0.0789900304033155,102
setup_01e_per_subject_normalization_real_level_times,RandomForest,0.47230769230769226,HF,ECG,-0.0021430438582075648,0.0661466271769548,102
setup_01e_per_subject_normalization_real_level_times,RandomForest,0.47230769230769226,LF,ECG,-0.0019995456824886196,0.049517275845968475,102
setup_01e_per_subject_normalization_real_level_times,RandomForest,0.47230769230769226,LF_HF,ECG,0.001576174762556133,0.041847279518346756,102
setup_01e_per_subject_normalization_real_level_times,RandomForest,0.47230769230769226,RMSSD,ECG,0.010290363273571055,0.04848997853174269,102
setup_01e_per_subject_normalization_real_level_times,RandomForest,0.47230769230769226,SDNN,ECG,0.0043432019308864795,0.04294610559031168,102
setup_01e_per_subject_normalization_real_level_times,RandomForest,0.47230769230769226,TP,ECG,-0.006092291466317261,0.06098706401637782,102
setup_01e_per_subject_normalization_real_level_times,RandomForest,0.47230769230769226,VLF,ECG,0.0,0.0,102
setup_01e_per_subject_normalization_real_level_times,RandomForest,0.47230769230769226,hr_mean,ECG,0.008523954161941317,0.049156044103077196,102
setup_01e_per_subject_normalization_real_level_times,RandomForest,0.47230769230769226,pNN50,ECG,0.008705134940099559,0.051865482800090276,102
setup_01e_per_subject_normalization_real_level_times,RandomForest,0.47230769230769226,sample_entropy,ECG,0.0018413400225201903,0.03465090534344654,102
setup_01e_per_subject_normalization_real_level_times,LogisticRegression,0.4530769230769231,DFA_alpha1,ECG,-0.003694068638602535,0.04723697998427374,102
setup_01e_per_subject_normalization_real_level_times,LogisticRegression,0.4530769230769231,DFA_alpha2,ECG,-0.0033181871209982685,0.04840168300094705,102
setup_01e_per_subject_normalization_real_level_times,LogisticRegression,0.4530769230769231,HF,ECG,-0.007061654638666622,0.05646404930161206,102
setup_01e_per_subject_normalization_real_level_times,LogisticRegression,0.4530769230769231,LF,ECG,-0.007908214467827402,0.06313984781960612,102
setup_01e_per_subject_normalization_real_level_times,LogisticRegression,0.4530769230769231,LF_HF,ECG,-0.0051506096845599526,0.037753388925632826,102
setup_01e_per_subject_normalization_real_level_times,LogisticRegression,0.4530769230769231,RMSSD,ECG,-0.0020319338195955083,0.03599529314270294,102
setup_01e_per_subject_normalization_real_level_times,LogisticRegression,0.4530769230769231,SDNN,ECG,-0.0014867634345905407,0.02800404803305018,102
setup_01e_per_subject_normalization_real_level_times,LogisticRegression,0.4530769230769231,TP,ECG,-0.0022404003713799767,0.062221553727167374,102
setup_01e_per_subject_normalization_real_level_times,LogisticRegression,0.4530769230769231,VLF,ECG,0.0,0.0,102
setup_01e_per_subject_normalization_real_level_times,LogisticRegression,0.4530769230769231,hr_mean,ECG,0.0013990795655770161,0.04570439413051563,102
setup_01e_per_subject_normalization_real_level_times,LogisticRegression,0.4530769230769231,pNN50,ECG,-0.0033606319804325604,0.033172200697537874,102
setup_01e_per_subject_normalization_real_level_times,LogisticRegression,0.4530769230769231,sample_entropy,ECG,-0.0019492046270258002,0.029679182031602035,102
setup_01e_per_subject_normalization_real_level_times,XGBoost,0.4257692307692308,DFA_alpha1,ECG,-0.006647260292133112,0.11251178429020092,102
setup_01e_per_subject_normalization_real_level_times,XGBoost,0.4257692307692308,DFA_alpha2,ECG,-0.008148559915827937,0.11722583948678346,102
setup_01e_per_subject_normalization_real_level_times,XGBoost,0.4257692307692308,HF,ECG,-0.010855031775439204,0.03447719238766036,102
setup_01e_per_subject_normalization_real_level_times,XGBoost,0.4257692307692308,LF,ECG,-0.004635734095569182,0.03264579421512235,102
setup_01e_per_subject_normalization_real_level_times,XGBoost,0.4257692307692308,LF_HF,ECG,-0.00470241495819074,0.051990658737522885,102
setup_01e_per_subject_normalization_real_level_times,XGBoost,0.4257692307692308,RMSSD,ECG,-0.002105236936252478,0.06245569689514328,102
setup_01e_per_subject_normalization_real_level_times,XGBoost,0.4257692307692308,SDNN,ECG,0.00032294016993819917,0.04117746221866829,102
setup_01e_per_subject_normalization_real_level_times,XGBoost,0.4257692307692308,TP,ECG,-0.008687942660019954,0.029857041467892066,102
setup_01e_per_subject_normalization_real_level_times,XGBoost,0.4257692307692308,VLF,ECG,0.0,0.0,102
setup_01e_per_subject_normalization_real_level_times,XGBoost,0.4257692307692308,hr_mean,ECG,0.00150893013220903,0.034121068192855986,102
setup_01e_per_subject_normalization_real_level_times,XGBoost,0.4257692307692308,pNN50,ECG,-0.0024890031707415893,0.07030175849814713,102
setup_01e_per_subject_normalization_real_level_times,XGBoost,0.4257692307692308,sample_entropy,ECG,0.0001464587773005269,0.046464275548236046,102
setup_01f_shorter_step,RandomForest,0.4106122448979592,DFA_alpha1,ECG,0.0031359738615914946,0.016546380982505663,99
setup_01f_shorter_step,RandomForest,0.4106122448979592,DFA_alpha2,ECG,0.0023101786941626544,0.0290197015981116,99
setup_01f_shorter_step,RandomForest,0.4106122448979592,HF,ECG,0.0032232629611639654,0.022865296865652578,99
setup_01f_shorter_step,RandomForest,0.4106122448979592,LF,ECG,0.0019260912967576295,0.02078820958869956,99
setup_01f_shorter_step,RandomForest,0.4106122448979592,LF_HF,ECG,-0.001726357256350854,0.04550893821856284,99
setup_01f_shorter_step,RandomForest,0.4106122448979592,RMSSD,ECG,-0.0014235129124111534,0.039976446819755464,99
setup_01f_shorter_step,RandomForest,0.4106122448979592,SDNN,ECG,0.0015737102808391517,0.04178250484895092,99
setup_01f_shorter_step,RandomForest,0.4106122448979592,TP,ECG,0.002481720638308214,0.022175252775290432,99
setup_01f_shorter_step,RandomForest,0.4106122448979592,VLF,ECG,0.0,0.0,99
setup_01f_shorter_step,RandomForest,0.4106122448979592,hr_mean,ECG,-0.007241313617083245,0.0394120644676565,99
setup_01f_shorter_step,RandomForest,0.4106122448979592,pNN50,ECG,0.001826803180402367,0.03441928575109598,99
setup_01f_shorter_step,RandomForest,0.4106122448979592,sample_entropy,ECG,0.00112612002816447,0.044341763089802484,99
setup_01f_shorter_step,LogisticRegression,0.396734693877551,DFA_alpha1,ECG,-0.0038951981997903946,0.023746240861564353,99
setup_01f_shorter_step,LogisticRegression,0.396734693877551,DFA_alpha2,ECG,-0.00395625888936311,0.024310012141348744,99
setup_01f_shorter_step,LogisticRegression,0.396734693877551,HF,ECG,-0.03637268614512199,0.2341808400587464,99
setup_01f_shorter_step,LogisticRegression,0.396734693877551,LF,ECG,-0.04062556651263837,0.2327999330396046,99
setup_01f_shorter_step,LogisticRegression,0.396734693877551,LF_HF,ECG,0.00011466741117963093,0.011237277523257061,99
setup_01f_shorter_step,LogisticRegression,0.396734693877551,RMSSD,ECG,-0.008687028407975526,0.08484351147210216,99
setup_01f_shorter_step,LogisticRegression,0.396734693877551,SDNN,ECG,-0.005079037676884761,0.05503091893338066,99
setup_01f_shorter_step,LogisticRegression,0.396734693877551,TP,ECG,-0.042129634683693094,0.25180187008956356,99
setup_01f_shorter_step,LogisticRegression,0.396734693877551,VLF,ECG,0.0,0.0,99
setup_01f_shorter_step,LogisticRegression,0.396734693877551,hr_mean,ECG,0.0016209330804698517,0.009446204408332907,99
setup_01f_shorter_step,LogisticRegression,0.396734693877551,pNN50,ECG,-0.004640585746458805,0.04507242997408839,99
setup_01f_shorter_step,LogisticRegression,0.396734693877551,sample_entropy,ECG,0.0005511185228976885,0.012982065011921675,99
setup_01f_shorter_step,XGBoost,0.3657142857142857,DFA_alpha1,ECG,-0.0017539215374410022,0.013254773343923484,99
setup_01f_shorter_step,XGBoost,0.3657142857142857,DFA_alpha2,ECG,7.830240388379937e-06,7.75154250772194e-05,99
setup_01f_shorter_step,XGBoost,0.3657142857142857,HF,ECG,0.0004254598901758309,0.016240337913258365,99
setup_01f_shorter_step,XGBoost,0.3657142857142857,LF,ECG,0.0011504721452806053,0.011925239318953772,99
setup_01f_shorter_step,XGBoost,0.3657142857142857,LF_HF,ECG,-0.0008956101621729094,0.017698529934598414,99
setup_01f_shorter_step,XGBoost,0.3657142857142857,RMSSD,ECG,-0.00013072803986997487,0.05221224974357759,99
setup_01f_shorter_step,XGBoost,0.3657142857142857,SDNN,ECG,0.0010846896676887994,0.039018813285279515,99
setup_01f_shorter_step,XGBoost,0.3657142857142857,TP,ECG,-0.0008916106603833975,0.012502864673782536,99
setup_01f_shorter_step,XGBoost,0.3657142857142857,VLF,ECG,0.0,0.0,99
setup_01f_shorter_step,XGBoost,0.3657142857142857,hr_mean,ECG,-0.008279227794528384,0.04492470590830709,99
setup_01f_shorter_step,XGBoost,0.3657142857142857,pNN50,ECG,-0.0032184217166400975,0.03267711073208893,99
setup_01f_shorter_step,XGBoost,0.3657142857142857,sample_entropy,ECG,0.0014312351796772972,0.03248961613804938,99
setup_01f_shorter_step_real_level_times,RandomForest,0.4106122448979592,DFA_alpha1,ECG,0.0031359738615914946,0.016546380982505663,99
setup_01f_shorter_step_real_level_times,RandomForest,0.4106122448979592,DFA_alpha2,ECG,0.0023101786941626544,0.0290197015981116,99
setup_01f_shorter_step_real_level_times,RandomForest,0.4106122448979592,HF,ECG,0.0032232629611639654,0.022865296865652578,99
setup_01f_shorter_step_real_level_times,RandomForest,0.4106122448979592,LF,ECG,0.0019260912967576295,0.02078820958869956,99
setup_01f_shorter_step_real_level_times,RandomForest,0.4106122448979592,LF_HF,ECG,-0.001726357256350854,0.04550893821856284,99
setup_01f_shorter_step_real_level_times,RandomForest,0.4106122448979592,RMSSD,ECG,-0.0014235129124111534,0.039976446819755464,99
setup_01f_shorter_step_real_level_times,RandomForest,0.4106122448979592,SDNN,ECG,0.0015737102808391517,0.04178250484895092,99
setup_01f_shorter_step_real_level_times,RandomForest,0.4106122448979592,TP,ECG,0.002481720638308214,0.022175252775290432,99
setup_01f_shorter_step_real_level_times,RandomForest,0.4106122448979592,VLF,ECG,0.0,0.0,99
setup_01f_shorter_step_real_level_times,RandomForest,0.4106122448979592,hr_mean,ECG,-0.007241313617083245,0.0394120644676565,99
setup_01f_shorter_step_real_level_times,RandomForest,0.4106122448979592,pNN50,ECG,0.001826803180402367,0.03441928575109598,99
setup_01f_shorter_step_real_level_times,RandomForest,0.4106122448979592,sample_entropy,ECG,0.00112612002816447,0.044341763089802484,99
setup_01f_shorter_step_real_level_times,LogisticRegression,0.396734693877551,DFA_alpha1,ECG,-0.0038951981997903946,0.023746240861564353,99
setup_01f_shorter_step_real_level_times,LogisticRegression,0.396734693877551,DFA_alpha2,ECG,-0.00395625888936311,0.024310012141348744,99
setup_01f_shorter_step_real_level_times,LogisticRegression,0.396734693877551,HF,ECG,-0.03637268614512199,0.2341808400587464,99
setup_01f_shorter_step_real_level_times,LogisticRegression,0.396734693877551,LF,ECG,-0.04062556651263837,0.2327999330396046,99
setup_01f_shorter_step_real_level_times,LogisticRegression,0.396734693877551,LF_HF,ECG,0.00011466741117963093,0.011237277523257061,99
setup_01f_shorter_step_real_level_times,LogisticRegression,0.396734693877551,RMSSD,ECG,-0.008687028407975526,0.08484351147210216,99
setup_01f_shorter_step_real_level_times,LogisticRegression,0.396734693877551,SDNN,ECG,-0.005079037676884761,0.05503091893338066,99
setup_01f_shorter_step_real_level_times,LogisticRegression,0.396734693877551,TP,ECG,-0.042129634683693094,0.25180187008956356,99
setup_01f_shorter_step_real_level_times,LogisticRegression,0.396734693877551,VLF,ECG,0.0,0.0,99
setup_01f_shorter_step_real_level_times,LogisticRegression,0.396734693877551,hr_mean,ECG,0.0016209330804698517,0.009446204408332907,99
setup_01f_shorter_step_real_level_times,LogisticRegression,0.396734693877551,pNN50,ECG,-0.004640585746458805,0.04507242997408839,99
setup_01f_shorter_step_real_level_times,LogisticRegression,0.396734693877551,sample_entropy,ECG,0.0005511185228976885,0.012982065011921675,99
setup_01f_shorter_step_real_level_times,XGBoost,0.3657142857142857,DFA_alpha1,ECG,-0.0017539215374410022,0.013254773343923484,99
setup_01f_shorter_step_real_level_times,XGBoost,0.3657142857142857,DFA_alpha2,ECG,7.830240388379937e-06,7.75154250772194e-05,99
setup_01f_shorter_step_real_level_times,XGBoost,0.3657142857142857,HF,ECG,0.0004254598901758309,0.016240337913258365,99
setup_01f_shorter_step_real_level_times,XGBoost,0.3657142857142857,LF,ECG,0.0011504721452806053,0.011925239318953772,99
setup_01f_shorter_step_real_level_times,XGBoost,0.3657142857142857,LF_HF,ECG,-0.0008956101621729094,0.017698529934598414,99
setup_01f_shorter_step_real_level_times,XGBoost,0.3657142857142857,RMSSD,ECG,-0.00013072803986997487,0.05221224974357759,99
setup_01f_shorter_step_real_level_times,XGBoost,0.3657142857142857,SDNN,ECG,0.0010846896676887994,0.039018813285279515,99
setup_01f_shorter_step_real_level_times,XGBoost,0.3657142857142857,TP,ECG,-0.0008916106603833975,0.012502864673782536,99
setup_01f_shorter_step_real_level_times,XGBoost,0.3657142857142857,VLF,ECG,0.0,0.0,99
setup_01f_shorter_step_real_level_times,XGBoost,0.3657142857142857,hr_mean,ECG,-0.008279227794528384,0.04492470590830709,99
setup_01f_shorter_step_real_level_times,XGBoost,0.3657142857142857,pNN50,ECG,-0.0032184217166400975,0.03267711073208893,99
setup_01f_shorter_step_real_level_times,XGBoost,0.3657142857142857,sample_entropy,ECG,0.0014312351796772972,0.03248961613804938,99
setup_01g_levels_as_subjects_per_subject_norm,RandomForest,0.5704893867924528,DFA_alpha1,ECG,-0.0022713864306784654,0.0604457637986704,452
setup_01g_levels_as_subjects_per_subject_norm,RandomForest,0.5704893867924528,DFA_alpha2,ECG,-0.00047935103244837833,0.06195354078424173,452
setup_01g_levels_as_subjects_per_subject_norm,RandomForest,0.5704893867924528,HF,ECG,-0.0014896755162241877,0.10794424405485983,452
setup_01g_levels_as_subjects_per_subject_norm,RandomForest,0.5704893867924528,LF,ECG,-0.002817109144542773,0.07598568269569253,452
setup_01g_levels_as_subjects_per_subject_norm,RandomForest,0.5704893867924528,LF_HF,ECG,0.005545722713864307,0.13493551438437842,452
setup_01g_levels_as_subjects_per_subject_norm,RandomForest,0.5704893867924528,RMSSD,ECG,-0.010626843657817112,0.0768026585800502,452
setup_01g_levels_as_subjects_per_subject_norm,RandomForest,0.5704893867924528,SDNN,ECG,0.0018289085545722713,0.0696553407829965,452
setup_01g_levels_as_subjects_per_subject_norm,RandomForest,0.5704893867924528,TP,ECG,0.003620943952802359,0.05136332949113359,452
setup_01g_levels_as_subjects_per_subject_norm,RandomForest,0.5704893867924528,VLF,ECG,0.0,0.0,452
setup_01g_levels_as_subjects_per_subject_norm,RandomForest,0.5704893867924528,hr_mean,ECG,-0.0013421828908554577,0.07148734456526623,452
setup_01g_levels_as_subjects_per_subject_norm,RandomForest,0.5704893867924528,pNN50,ECG,-0.0012020648967551624,0.053886835388474795,452
setup_01g_levels_as_subjects_per_subject_norm,RandomForest,0.5704893867924528,sample_entropy,ECG,-0.001696165191740413,0.07521796655499853,452
setup_01g_levels_as_subjects_per_subject_norm,LogisticRegression,0.5422562893081762,DFA_alpha1,ECG,1.2281228148508369e-19,0.026951830734497483,452
setup_01g_levels_as_subjects_per_subject_norm,LogisticRegression,0.5422562893081762,DFA_alpha2,ECG,0.00044247787610619474,0.028152745420048978,452
setup_01g_levels_as_subjects_per_subject_norm,LogisticRegression,0.5422562893081762,HF,ECG,0.002676991150442479,0.1485643750748789,452
setup_01g_levels_as_subjects_per_subject_norm,LogisticRegression,0.5422562893081762,LF,ECG,0.0018289085545722713,0.10566220564217192,452
setup_01g_levels_as_subjects_per_subject_norm,LogisticRegression,0.5422562893081762,LF_HF,ECG,0.00252212389380531,0.10987961926492872,452
setup_01g_levels_as_subjects_per_subject_norm,LogisticRegression,0.5422562893081762,RMSSD,ECG,-0.0022418879056047194,0.09809061337471266,452
setup_01g_levels_as_subjects_per_subject_norm,LogisticRegression,0.5422562893081762,SDNN,ECG,-0.0011873156342182896,0.07809614700711309,452
setup_01g_levels_as_subjects_per_subject_norm,LogisticRegression,0.5422562893081762,TP,ECG,0.01327433628318584,0.09587482857022331,452
setup_01g_levels_as_subjects_per_subject_norm,LogisticRegression,0.5422562893081762,VLF,ECG,0.0,0.0,452
setup_01g_levels_as_subjects_per_subject_norm,LogisticRegression,0.5422562893081762,hr_mean,ECG,0.0009587020648967555,0.06488750772140735,452
setup_01g_levels_as_subjects_per_subject_norm,LogisticRegression,0.5422562893081762,pNN50,ECG,0.002750737463126844,0.09764045079883393,452
setup_01g_levels_as_subjects_per_subject_norm,LogisticRegression,0.5422562893081762,sample_entropy,ECG,0.0005973451327433628,0.05026001333901154,452
setup_01g_levels_as_subjects_per_subject_norm,XGBoost,0.5510809748427672,DFA_alpha1,ECG,-0.00198377581120944,0.06914367874949708,452
setup_01g_levels_as_subjects_per_subject_norm,XGBoost,0.5510809748427672,DFA_alpha2,ECG,0.0,0.0,452
setup_01g_levels_as_subjects_per_subject_norm,XGBoost,0.5510809748427672,HF,ECG,0.010449852507374633,0.08923948969828602,452
setup_01g_levels_as_subjects_per_subject_norm,XGBoost,0.5510809748427672,LF,ECG,0.00045722713864306783,0.07114623679582084,452
setup_01g_levels_as_subjects_per_subject_norm,XGBoost,0.5510809748427672,LF_HF,ECG,-0.00614306784660767,0.13109382569116085,452
setup_01g_levels_as_subjects_per_subject_norm,XGBoost,0.5510809748427672,RMSSD,ECG,-0.0031194690265486723,0.07310758013952927,452
setup_01g_levels_as_subjects_per_subject_norm,XGBoost,0.5510809748427672,SDNN,ECG,0.0010914454277286137,0.06132540104835527,452
setup_01g_levels_as_subjects_per_subject_norm,XGBoost,0.5510809748427672,TP,ECG,-0.004837758112094395,0.04878361337792617,452
setup_01g_levels_as_subjects_per_subject_norm,XGBoost,0.5510809748427672,VLF,ECG,0.0,0.0,452
setup_01g_levels_as_subjects_per_subject_norm,XGBoost,0.5510809748427672,hr_mean,ECG,0.0008038348082595869,0.057667441339147175,452
setup_01g_levels_as_subjects_per_subject_norm,XGBoost,0.5510809748427672,pNN50,ECG,0.00504424778761062,0.05728727491431854,452
setup_01g_levels_as_subjects_per_subject_norm,XGBoost,0.5510809748427672,sample_entropy,ECG,0.003960176991150442,0.0703801685773454,452
setup_01g_levels_as_subjects_per_subject_norm_real_level_times,RandomForest,0.5583762376237624,DFA_alpha1,ECG,0.0026160180845240695,0.07498918272963338,226
setup_01g_levels_as_subjects_per_subject_norm_real_level_times,RandomForest,0.5583762376237624,DFA_alpha2,ECG,0.002196915670366997,0.06547115261268088,226
setup_01g_levels_as_subjects_per_subject_norm_real_level_times,RandomForest,0.5583762376237624,HF,ECG,0.0022945806001506155,0.08380783565692489,226
setup_01g_levels_as_subjects_per_subject_norm_real_level_times,RandomForest,0.5583762376237624,LF,ECG,-0.005962130587325798,0.0726184843420011,226
setup_01g_levels_as_subjects_per_subject_norm_real_level_times,RandomForest,0.5583762376237624,LF_HF,ECG,-0.006369812297714433,0.08234306460074756,226
setup_01g_levels_as_subjects_per_subject_norm_real_level_times,RandomForest,0.5583762376237624,RMSSD,ECG,0.003977287389572658,0.07247255126721759,226
setup_01g_levels_as_subjects_per_subject_norm_real_level_times,RandomForest,0.5583762376237624,SDNN,ECG,-0.002917553266329946,0.08389885649043499,226
setup_01g_levels_as_subjects_per_subject_norm_real_level_times,RandomForest,0.5583762376237624,TP,ECG,-0.004251945781097265,0.06767904232666709,226
setup_01g_levels_as_subjects_per_subject_norm_real_level_times,RandomForest,0.5583762376237624,VLF,ECG,0.0,0.0,226
setup_01g_levels_as_subjects_per_subject_norm_real_level_times,RandomForest,0.5583762376237624,hr_mean,ECG,0.001633350309820897,0.06291257692112569,226
setup_01g_levels_as_subjects_per_subject_norm_real_level_times,RandomForest,0.5583762376237624,pNN50,ECG,-0.008212834507732998,0.05985863774687641,226
setup_01g_levels_as_subjects_per_subject_norm_real_level_times,RandomForest,0.5583762376237624,sample_entropy,ECG,-0.0016046808186318854,0.0922056007305924,226
setup_01g_levels_as_subjects_per_subject_norm_real_level_times,LogisticRegression,0.5195247524752475,DFA_alpha1,ECG,0.002675524487080968,0.020874003783319692,226
setup_01g_levels_as_subjects_per_subject_norm_real_level_times,LogisticRegression,0.5195247524752475,DFA_alpha2,ECG,0.0014234071209604786,0.024562918650226796,226
setup_01g_levels_as_subjects_per_subject_norm_real_level_times,LogisticRegression,0.5195247524752475,HF,ECG,0.008799507941881711,0.13807989092750478,226
setup_01g_levels_as_subjects_per_subject_norm_real_level_times,LogisticRegression,0.5195247524752475,LF,ECG,0.019793461209390413,0.16288962465215956,226
setup_01g_levels_as_subjects_per_subject_norm_real_level_times,LogisticRegression,0.5195247524752475,LF_HF,ECG,-0.0028339527324431034,0.08800557242887388,226
setup_01g_levels_as_subjects_per_subject_norm_real_level_times,LogisticRegression,0.5195247524752475,RMSSD,ECG,-0.0027708152799251185,0.10328392615265948,226
setup_01g_levels_as_subjects_per_subject_norm_real_level_times,LogisticRegression,0.5195247524752475,SDNN,ECG,0.0021566805858841257,0.023498393730174667,226
setup_01g_levels_as_subjects_per_subject_norm_real_level_times,LogisticRegression,0.5195247524752475,TP,ECG,0.011731395737121921,0.1775229899172395,226
setup_01g_levels_as_subjects_per_subject_norm_real_level_times,LogisticRegression,0.5195247524752475,VLF,ECG,0.0,0.0,226
setup_01g_levels_as_subjects_per_subject_norm_real_level_times,LogisticRegression,0.5195247524752475,hr_mean,ECG,-0.0036073387830285277,0.0564167758081458,226
setup_01g_levels_as_subjects_per_subject_norm_real_level_times,LogisticRegression,0.5195247524752475,pNN50,ECG,-9.339567252112722e-05,0.08997553173903369,226
setup_01g_levels_as_subjects_per_subject_norm_real_level_times,LogisticRegression,0.5195247524752475,sample_entropy,ECG,-6.5987572494590475e-06,0.08642772493544618,226
setup_01g_levels_as_subjects_per_subject_norm_real_level_times,XGBoost,0.5100990099009901,DFA_alpha1,ECG,0.0014756596575961499,0.05410879407313552,226
setup_01g_levels_as_subjects_per_subject_norm_real_level_times,XGBoost,0.5100990099009901,DFA_alpha2,ECG,0.0,0.0,226
setup_01g_levels_as_subjects_per_subject_norm_real_level_times,XGBoost,0.5100990099009901,HF,ECG,0.007131106934594702,0.06427304386743878,226
setup_01g_levels_as_subjects_per_subject_norm_real_level_times,XGBoost,0.5100990099009901,LF,ECG,-0.0015178147088610395,0.05453743480700321,226
setup_01g_levels_as_subjects_per_subject_norm_real_level_times,XGBoost,0.5100990099009901,LF_HF,ECG,-0.0016330459406982047,0.05913594364682512,226
setup_01g_levels_as_subjects_per_subject_norm_real_level_times,XGBoost,0.5100990099009901,RMSSD,ECG,0.003420547149073958,0.06946465646090255,226
setup_01g_levels_as_subjects_per_subject_norm_real_level_times,XGBoost,0.5100990099009901,SDNN,ECG,0.002819218493346552,0.07404724024875375,226
setup_01g_levels_as_subjects_per_subject_norm_real_level_times,XGBoost,0.5100990099009901,TP,ECG,-0.0093035625661862,0.053812190179292986,226
setup_01g_levels_as_subjects_per_subject_norm_real_level_times,XGBoost,0.5100990099009901,VLF,ECG,0.0,0.0,226
setup_01g_levels_as_subjects_per_subject_norm_real_level_times,XGBoost,0.5100990099009901,hr_mean,ECG,0.0017194195994300117,0.06418893504992386,226
setup_01g_levels_as_subjects_per_subject_norm_real_level_times,XGBoost,0.5100990099009901,pNN50,ECG,-0.0027726124589737273,0.05015727193036593,226
setup_01g_levels_as_subjects_per_subject_norm_real_level_times,XGBoost,0.5100990099009901,sample_entropy,ECG,0.0006100681087667036,0.07529505416404886,226
setup_02_label_margin_01,RandomForest,0.38428571428571423,DFA_alpha1,ECG,-0.0026256396444565987,0.03318912984621177,92
setup_02_label_margin_01,RandomForest,0.38428571428571423,DFA_alpha2,ECG,-0.0006349951689453913,0.034100333987153765,92
setup_02_label_margin_01,RandomForest,0.38428571428571423,HF,ECG,0.0008202174503411918,0.02877432185613167,92
setup_02_label_margin_01,RandomForest,0.38428571428571423,LF,ECG,-0.004993718956198962,0.030914022542810997,92
setup_02_label_margin_01,RandomForest,0.38428571428571423,LF_HF,ECG,-0.005846803112687338,0.028776741334412107,92
setup_02_label_margin_01,RandomForest,0.38428571428571423,RMSSD,ECG,-0.008351011805595679,0.052295782159278284,92
setup_02_label_margin_01,RandomForest,0.38428571428571423,SDNN,ECG,0.0010434856844045656,0.03293919734901974,92
setup_02_label_margin_01,RandomForest,0.38428571428571423,TP,ECG,0.0012424008455755387,0.0319784131316194,92
setup_02_label_margin_01,RandomForest,0.38428571428571423,VLF,ECG,0.0,0.0,92
setup_02_label_margin_01,RandomForest,0.38428571428571423,hr_mean,ECG,-3.1667553490670506e-05,0.05647782040072332,92
setup_02_label_margin_01,RandomForest,0.38428571428571423,pNN50,ECG,-0.007091226154218993,0.03880574544176964,92
setup_02_label_margin_01,RandomForest,0.38428571428571423,sample_entropy,ECG,-0.0023430171162467485,0.04060631612193628,92
setup_02_label_margin_01_real_level_times,RandomForest,0.38428571428571423,DFA_alpha1,ECG,-0.0026256396444565987,0.03318912984621177,92
setup_02_label_margin_01_real_level_times,RandomForest,0.38428571428571423,DFA_alpha2,ECG,-0.0006349951689453913,0.034100333987153765,92
setup_02_label_margin_01_real_level_times,RandomForest,0.38428571428571423,HF,ECG,0.0008202174503411918,0.02877432185613167,92
setup_02_label_margin_01_real_level_times,RandomForest,0.38428571428571423,LF,ECG,-0.004993718956198962,0.030914022542810997,92
setup_02_label_margin_01_real_level_times,RandomForest,0.38428571428571423,LF_HF,ECG,-0.005846803112687338,0.028776741334412107,92
setup_02_label_margin_01_real_level_times,RandomForest,0.38428571428571423,RMSSD,ECG,-0.008351011805595679,0.052295782159278284,92
setup_02_label_margin_01_real_level_times,RandomForest,0.38428571428571423,SDNN,ECG,0.0010434856844045656,0.03293919734901974,92
setup_02_label_margin_01_real_level_times,RandomForest,0.38428571428571423,TP,ECG,0.0012424008455755387,0.0319784131316194,92
setup_02_label_margin_01_real_level_times,RandomForest,0.38428571428571423,VLF,ECG,0.0,0.0,92
setup_02_label_margin_01_real_level_times,RandomForest,0.38428571428571423,hr_mean,ECG,-3.1667553490670506e-05,0.05647782040072332,92
setup_02_label_margin_01_real_level_times,RandomForest,0.38428571428571423,pNN50,ECG,-0.007091226154218993,0.03880574544176964,92
setup_02_label_margin_01_real_level_times,RandomForest,0.38428571428571423,sample_entropy,ECG,-0.0023430171162467485,0.04060631612193628,92
setup_03_without_time_distortion,RandomForest,0.6251492002864645,DFA_alpha1,ECG,-0.004036574536574537,0.07735744985382201,260
setup_03_without_time_distortion,RandomForest,0.6251492002864645,DFA_alpha2,ECG,0.0035965978465978465,0.07015392311358826,260
setup_03_without_time_distortion,RandomForest,0.6251492002864645,HF,ECG,-0.002711621711621711,0.08653566421599035,260
setup_03_without_time_distortion,RandomForest,0.6251492002864645,LF,ECG,-0.004119630369630371,0.0916520957665109,260
setup_03_without_time_distortion,RandomForest,0.6251492002864645,LF_HF,ECG,0.0018494560994560991,0.08898069048985724,260
setup_03_without_time_distortion,RandomForest,0.6251492002864645,RMSSD,ECG,0.002512543012543011,0.08967637787212929,260
setup_03_without_time_distortion,RandomForest,0.6251492002864645,SDNN,ECG,-0.004633394383394385,0.09083963516572081,260
setup_03_without_time_distortion,RandomForest,0.6251492002864645,TP,ECG,0.0030555000555000543,0.09362014317518763,260
setup_03_without_time_distortion,RandomForest,0.6251492002864645,VLF,ECG,0.0,0.0,260
setup_03_without_time_distortion,RandomForest,0.6251492002864645,hr_mean,ECG,0.0014327894327894352,0.0785360551084195,260
setup_03_without_time_distortion,RandomForest,0.6251492002864645,pNN50,ECG,0.007101287601287601,0.06723609832251863,260
setup_03_without_time_distortion,RandomForest,0.6251492002864645,sample_entropy,ECG,-0.0033813408813408827,0.10626514192024943,260
setup_03_without_time_distortion_real_level_times,RandomForest,0.5548682703321879,DFA_alpha1,ECG,0.006160218246932241,0.06541176640903197,232
setup_03_without_time_distortion_real_level_times,RandomForest,0.5548682703321879,DFA_alpha2,ECG,-0.0006735664948470333,0.07456638763904802,232
setup_03_without_time_distortion_real_level_times,RandomForest,0.5548682703321879,HF,ECG,0.00263261484720608,0.0776009533022448,232
setup_03_without_time_distortion_real_level_times,RandomForest,0.5548682703321879,LF,ECG,-4.110431562147785e-06,0.07637453973726069,232
setup_03_without_time_distortion_real_level_times,RandomForest,0.5548682703321879,LF_HF,ECG,0.00472745153862316,0.07115775896132817,232
setup_03_without_time_distortion_real_level_times,RandomForest,0.5548682703321879,RMSSD,ECG,0.006556819201122048,0.06802983635254368,232
setup_03_without_time_distortion_real_level_times,RandomForest,0.5548682703321879,SDNN,ECG,0.005883228184246791,0.07516961514143808,232
setup_03_without_time_distortion_real_level_times,RandomForest,0.5548682703321879,TP,ECG,-0.004009610381093758,0.06314224508687405,232
setup_03_without_time_distortion_real_level_times,RandomForest,0.5548682703321879,VLF,ECG,0.0,0.0,232
setup_03_without_time_distortion_real_level_times,RandomForest,0.5548682703321879,hr_mean,ECG,0.006947841718158766,0.06094688309595006,232
setup_03_without_time_distortion_real_level_times,RandomForest,0.5548682703321879,pNN50,ECG,0.00945807935291135,0.05737980164961441,232
setup_03_without_time_distortion_real_level_times,RandomForest,0.5548682703321879,sample_entropy,ECG,0.0021270304557521238,0.08545375572199719,232
setup_04_no_zscore,RandomForest,0.3569387755102041,DFA_alpha1,ECG,0.0013447137381619645,0.03323755540182994,99
setup_04_no_zscore,RandomForest,0.3569387755102041,DFA_alpha2,ECG,0.0031868438895960773,0.03805185372129387,99
setup_04_no_zscore,RandomForest,0.3569387755102041,HF,ECG,0.005573974689319099,0.04221992252577159,99
setup_04_no_zscore,RandomForest,0.3569387755102041,LF,ECG,0.002224010404305327,0.03686598887324188,99
setup_04_no_zscore,RandomForest,0.3569387755102041,LF_HF,ECG,0.0014098096336998714,0.02826818525976929,99
setup_04_no_zscore,RandomForest,0.3569387755102041,RMSSD,ECG,-0.007007933819173931,0.04740700595359484,99
setup_04_no_zscore,RandomForest,0.3569387755102041,SDNN,ECG,0.003951918418067461,0.04214211868656676,99
setup_04_no_zscore,RandomForest,0.3569387755102041,TP,ECG,0.0030948325061116513,0.030262929607638225,99
setup_04_no_zscore,RandomForest,0.3569387755102041,VLF,ECG,0.0,0.0,99
setup_04_no_zscore,RandomForest,0.3569387755102041,hr_mean,ECG,0.007371539659261177,0.05279063858376551,99
setup_04_no_zscore,RandomForest,0.3569387755102041,pNN50,ECG,-0.0017158075267004135,0.038265467637308974,99
setup_04_no_zscore,RandomForest,0.3569387755102041,sample_entropy,ECG,-0.00333668269085372,0.05225485892108412,99
setup_04_no_zscore_real_level_times,RandomForest,0.3569387755102041,DFA_alpha1,ECG,0.0013447137381619645,0.03323755540182994,99
setup_04_no_zscore_real_level_times,RandomForest,0.3569387755102041,DFA_alpha2,ECG,0.0031868438895960773,0.03805185372129387,99
setup_04_no_zscore_real_level_times,RandomForest,0.3569387755102041,HF,ECG,0.005573974689319099,0.04221992252577159,99
setup_04_no_zscore_real_level_times,RandomForest,0.3569387755102041,LF,ECG,0.002224010404305327,0.03686598887324188,99
setup_04_no_zscore_real_level_times,RandomForest,0.3569387755102041,LF_HF,ECG,0.0014098096336998714,0.02826818525976929,99
setup_04_no_zscore_real_level_times,RandomForest,0.3569387755102041,RMSSD,ECG,-0.007007933819173931,0.04740700595359484,99
setup_04_no_zscore_real_level_times,RandomForest,0.3569387755102041,SDNN,ECG,0.003951918418067461,0.04214211868656676,99
setup_04_no_zscore_real_level_times,RandomForest,0.3569387755102041,TP,ECG,0.0030948325061116513,0.030262929607638225,99
setup_04_no_zscore_real_level_times,RandomForest,0.3569387755102041,VLF,ECG,0.0,0.0,99
setup_04_no_zscore_real_level_times,RandomForest,0.3569387755102041,hr_mean,ECG,0.007371539659261177,0.05279063858376551,99
setup_04_no_zscore_real_level_times,RandomForest,0.3569387755102041,pNN50,ECG,-0.0017158075267004135,0.038265467637308974,99
setup_04_no_zscore_real_level_times,RandomForest,0.3569387755102041,sample_entropy,ECG,-0.00333668269085372,0.05225485892108412,99
setup_05_no_outlier,RandomForest,0.3992307692307692,DFA_alpha1,ECG,0.0001673863218308322,0.025031629762069883,102
setup_05_no_outlier,RandomForest,0.3992307692307692,DFA_alpha2,ECG,0.0007987875680119536,0.031549572390553775,102
setup_05_no_outlier,RandomForest,0.3992307692307692,HF,ECG,-0.0009054530406516594,0.023794035084087065,102
setup_05_no_outlier,RandomForest,0.3992307692307692,LF,ECG,-0.00043577258545100724,0.019781279548921397,102
setup_05_no_outlier,RandomForest,0.3992307692307692,LF_HF,ECG,0.00011177475254235686,0.021335653089160085,102
setup_05_no_outlier,RandomForest,0.3992307692307692,RMSSD,ECG,-0.00031458232147157385,0.03724332155492526,102
setup_05_no_outlier,RandomForest,0.3992307692307692,SDNN,ECG,0.0025352739476454523,0.05047290271058513,102
setup_05_no_outlier,RandomForest,0.3992307692307692,TP,ECG,-0.002249607082000384,0.0263961625556521,102
setup_05_no_outlier,RandomForest,0.3992307692307692,VLF,ECG,0.0,0.0,102
setup_05_no_outlier,RandomForest,0.3992307692307692,hr_mean,ECG,0.005950545490164249,0.04756241755718329,102
setup_05_no_outlier,RandomForest,0.3992307692307692,pNN50,ECG,-0.002678230290192098,0.03351000369634467,102
setup_05_no_outlier,RandomForest,0.3992307692307692,sample_entropy,ECG,0.003045941935026769,0.04681423570251718,102
setup_05_no_outlier_real_level_times,RandomForest,0.3992307692307692,DFA_alpha1,ECG,0.0001673863218308322,0.025031629762069883,102
setup_05_no_outlier_real_level_times,RandomForest,0.3992307692307692,DFA_alpha2,ECG,0.0007987875680119536,0.031549572390553775,102
setup_05_no_outlier_real_level_times,RandomForest,0.3992307692307692,HF,ECG,-0.0009054530406516594,0.023794035084087065,102
setup_05_no_outlier_real_level_times,RandomForest,0.3992307692307692,LF,ECG,-0.00043577258545100724,0.019781279548921397,102
setup_05_no_outlier_real_level_times,RandomForest,0.3992307692307692,LF_HF,ECG,0.00011177475254235686,0.021335653089160085,102
setup_05_no_outlier_real_level_times,RandomForest,0.3992307692307692,RMSSD,ECG,-0.00031458232147157385,0.03724332155492526,102
setup_05_no_outlier_real_level_times,RandomForest,0.3992307692307692,SDNN,ECG,0.0025352739476454523,0.05047290271058513,102
setup_05_no_outlier_real_level_times,RandomForest,0.3992307692307692,TP,ECG,-0.002249607082000384,0.0263961625556521,102
setup_05_no_outlier_real_level_times,RandomForest,0.3992307692307692,VLF,ECG,0.0,0.0,102
setup_05_no_outlier_real_level_times,RandomForest,0.3992307692307692,hr_mean,ECG,0.005950545490164249,0.04756241755718329,102
setup_05_no_outlier_real_level_times,RandomForest,0.3992307692307692,pNN50,ECG,-0.002678230290192098,0.03351000369634467,102
setup_05_no_outlier_real_level_times,RandomForest,0.3992307692307692,sample_entropy,ECG,0.003045941935026769,0.04681423570251718,102
setup_06_full_multimodal,RandomForest,0.6168648648648649,ANGER_max,FACE,0.002814698528984243,0.038199804499870434,273
setup_06_full_multimodal,RandomForest,0.6168648648648649,ANGER_mean,FACE,0.0006486106486106487,0.03398026591878476,273
setup_06_full_multimodal,RandomForest,0.6168648648648649,ANGER_std,FACE,0.0028908657480086054,0.034865646806667865,273
setup_06_full_multimodal,RandomForest,0.6168648648648649,CONTEMPT_max,FACE,0.002856270713413572,0.04905078410445517,273
setup_06_full_multimodal,RandomForest,0.6168648648648649,CONTEMPT_mean,FACE,0.006953575525004096,0.058114589669756585,273
setup_06_full_multimodal,RandomForest,0.6168648648648649,CONTEMPT_std,FACE,0.005971568114425258,0.04821586961468559,273
setup_06_full_multimodal,RandomForest,0.6168648648648649,DFA_alpha1,ECG,0.007307401593115878,0.05120592940205586,273
setup_06_full_multimodal,RandomForest,0.6168648648648649,DFA_alpha2,ECG,0.003521134949706379,0.044237635195783866,273
setup_06_full_multimodal,RandomForest,0.6168648648648649,DISGUST_max,FACE,0.0003418803418803418,0.021246748466375892,273
setup_06_full_multimodal,RandomForest,0.6168648648648649,DISGUST_mean,FACE,0.001968137682423396,0.029892381752210307,273
setup_06_full_multimodal,RandomForest,0.6168648648648649,DISGUST_std,FACE,-0.00011861154718297572,0.02298396163046086,273
setup_06_full_multimodal,RandomForest,0.6168648648648649,FEAR_max,FACE,-0.0018849933135647423,0.017994369115047777,273
setup_06_full_multimodal,RandomForest,0.6168648648648649,FEAR_mean,FACE,-0.0007869643583929298,0.02823941859665361,273
setup_06_full_multimodal,RandomForest,0.6168648648648649,FEAR_std,FACE,0.001239316239316239,0.02388284764371783,273
setup_06_full_multimodal,RandomForest,0.6168648648648649,HAPPINESS_max,FACE,0.0009477295191580913,0.0436976937685171,273
setup_06_full_multimodal,RandomForest,0.6168648648648649,HAPPINESS_mean,FACE,0.0007038199895342751,0.03531921444328399,273
setup_06_full_multimodal,RandomForest,0.6168648648648649,HAPPINESS_std,FACE,-0.00018954590383161838,0.03997164898541617,273
setup_06_full_multimodal,RandomForest,0.6168648648648649,HF,ECG,0.004257832114974972,0.05984874161312916,273
setup_06_full_multimodal,RandomForest,0.6168648648648649,LF,ECG,-0.001267515553229839,0.04840851236254069,273
setup_06_full_multimodal,RandomForest,0.6168648648648649,LF_HF,ECG,0.005898598755741613,0.04990433436426446,273
setup_06_full_multimodal,RandomForest,0.6168648648648649,NEUTRAL_max,FACE,0.005422408279551137,0.057821341969595465,273
setup_06_full_multimodal,RandomForest,0.6168648648648649,NEUTRAL_mean,FACE,0.0045203209488923765,0.05848797568779737,273
setup_06_full_multimodal,RandomForest,0.6168648648648649,NEUTRAL_std,FACE,0.0004029304029304023,0.054456039878660975,273
setup_06_full_multimodal,RandomForest,0.6168648648648649,RMSSD,ECG,0.00704895633467062,0.04867189358825561,273
setup_06_full_multimodal,RandomForest,0.6168648648648649,SADNESS_max,FACE,0.004950287807430665,0.040298707696053204,273
setup_06_full_multimodal,RandomForest,0.6168648648648649,SADNESS_mean,FACE,-0.000943368800511657,0.046135335041831614,273
setup_06_full_multimodal,RandomForest,0.6168648648648649,SADNESS_std,FACE,0.0008564451421594283,0.049919031134611665,273
setup_06_full_multimodal,RandomForest,0.6168648648648649,SCL_mean,EDA,-7.645793360079096e-05,0.02284345682015925,273
setup_06_full_multimodal,RandomForest,0.6168648648648649,SCL_std,EDA,0.007849240706383563,0.060844623052404775,273
setup_06_full_multimodal,RandomForest,0.6168648648648649,SCR_count,EDA,0.006517239374382231,0.036883690413712436,273
setup_06_full_multimodal,RandomForest,0.6168648648648649,SCR_rate,EDA,0.004551718123146694,0.042166864435219456,273
setup_06_full_multimodal,RandomForest,0.6168648648648649,SDNN,ECG,0.004673236816093959,0.03940324477263444,273
setup_06_full_multimodal,RandomForest,0.6168648648648649,SURPRISE_max,FACE,0.002254782254782254,0.023145805560175196,273
setup_06_full_multimodal,RandomForest,0.6168648648648649,SURPRISE_mean,FACE,0.002205466491180776,0.023628178210153897,273
setup_06_full_multimodal,RandomForest,0.6168648648648649,SURPRISE_std,FACE,0.002214082214082214,0.031733147251685266,273
setup_06_full_multimodal,RandomForest,0.6168648648648649,TP,ECG,0.006215477644049072,0.05074381851789334,273
setup_06_full_multimodal,RandomForest,0.6168648648648649,VLF,ECG,0.0,0.0,273
setup_06_full_multimodal,RandomForest,0.6168648648648649,face_observations,FACE,0.0011698354555497415,0.03639958646402539,273
setup_06_full_multimodal,RandomForest,0.6168648648648649,hr_mean,ECG,0.001317227745799174,0.04491939491793259,273
setup_06_full_multimodal,RandomForest,0.6168648648648649,pNN50,ECG,0.002745244173815603,0.03894033074828698,273
setup_06_full_multimodal,RandomForest,0.6168648648648649,phasic_max,EDA,0.0024806674806674813,0.05597469040541294,273
setup_06_full_multimodal,RandomForest,0.6168648648648649,phasic_sum,EDA,0.0025140996569568,0.041471867958724574,273
setup_06_full_multimodal,RandomForest,0.6168648648648649,sample_entropy,ECG,0.0031321324178467027,0.05279414263294002,273
setup_06_full_multimodal_real_level_times,RandomForest,0.6222972972972973,ANGER_max,FACE,0.005038740281277595,0.031133225478499484,268
setup_06_full_multimodal_real_level_times,RandomForest,0.6222972972972973,ANGER_mean,FACE,0.002004198046663737,0.02901153148759972,268
setup_06_full_multimodal_real_level_times,RandomForest,0.6222972972972973,ANGER_std,FACE,0.0033284505927868068,0.03223853716667503,268
setup_06_full_multimodal_real_level_times,RandomForest,0.6222972972972973,CONTEMPT_max,FACE,-0.004008080271827327,0.04049796789369328,268
setup_06_full_multimodal_real_level_times,RandomForest,0.6222972972972973,CONTEMPT_mean,FACE,0.0009002150420060871,0.03754780957452413,268
setup_06_full_multimodal_real_level_times,RandomForest,0.6222972972972973,CONTEMPT_std,FACE,0.0041219821463340705,0.04011432888251575,268
setup_06_full_multimodal_real_level_times,RandomForest,0.6222972972972973,DFA_alpha1,ECG,0.0006016128630032799,0.03739489643430014,268
setup_06_full_multimodal_real_level_times,RandomForest,0.6222972972972973,DFA_alpha2,ECG,0.0005514689116417316,0.03989764036213244,268
setup_06_full_multimodal_real_level_times,RandomForest,0.6222972972972973,DISGUST_max,FACE,0.001444290849239789,0.01586530824451144,268
setup_06_full_multimodal_real_level_times,RandomForest,0.6222972972972973,DISGUST_mean,FACE,0.0026034634735133794,0.022601953628406894,268
setup_06_full_multimodal_real_level_times,RandomForest,0.6222972972972973,DISGUST_std,FACE,0.0006135405791729437,0.014975173995169658,268
setup_06_full_multimodal_real_level_times,RandomForest,0.6222972972972973,FEAR_max,FACE,-0.0003131273457275028,0.012534449722915458,268
setup_06_full_multimodal_real_level_times,RandomForest,0.6222972972972973,FEAR_mean,FACE,0.001042703150912106,0.015693130405048376,268
setup_06_full_multimodal_real_level_times,RandomForest,0.6222972972972973,FEAR_std,FACE,0.00010343021733438052,0.010351118917343015,268
setup_06_full_multimodal_real_level_times,RandomForest,0.6222972972972973,HAPPINESS_max,FACE,0.0003100256861058116,0.027357906428086942,268
setup_06_full_multimodal_real_level_times,RandomForest,0.6222972972972973,HAPPINESS_mean,FACE,0.0029077758160286696,0.03419552347885908,268
setup_06_full_multimodal_real_level_times,RandomForest,0.6222972972972973,HAPPINESS_std,FACE,-0.0020260820614316287,0.025012534090770467,268
setup_06_full_multimodal_real_level_times,RandomForest,0.6222972972972973,HF,ECG,0.0018154710132322078,0.034667969871770794,268
setup_06_full_multimodal_real_level_times,RandomForest,0.6222972972972973,LF,ECG,0.0017785696890174503,0.0373822799837214,268
setup_06_full_multimodal_real_level_times,RandomForest,0.6222972972972973,LF_HF,ECG,0.004115563671730207,0.036344324906345336,268
setup_06_full_multimodal_real_level_times,RandomForest,0.6222972972972973,NEUTRAL_max,FACE,0.0021301784538233872,0.05377758219891908,268
setup_06_full_multimodal_real_level_times,RandomForest,0.6222972972972973,NEUTRAL_mean,FACE,0.004388186440425246,0.04391856688953317,268
setup_06_full_multimodal_real_level_times,RandomForest,0.6222972972972973,NEUTRAL_std,FACE,0.003554225625121147,0.045429544979406995,268
setup_06_full_multimodal_real_level_times,RandomForest,0.6222972972972973,RMSSD,ECG,0.002789958034459213,0.04214109186232076,268
setup_06_full_multimodal_real_level_times,RandomForest,0.6222972972972973,SADNESS_max,FACE,0.005081453031409134,0.033734364957392945,268
setup_06_full_multimodal_real_level_times,RandomForest,0.6222972972972973,SADNESS_mean,FACE,0.0025840763713898037,0.036498101891441544,268
setup_06_full_multimodal_real_level_times,RandomForest,0.6222972972972973,SADNESS_std,FACE,0.0011204017026876407,0.035116873327840026,268
setup_06_full_multimodal_real_level_times,RandomForest,0.6222972972972973,SCL_mean,EDA,0.00013196860309978937,0.022186103724671825,268
setup_06_full_multimodal_real_level_times,RandomForest,0.6222972972972973,SCL_std,EDA,0.005295694189980498,0.03933291845444598,268
setup_06_full_multimodal_real_level_times,RandomForest,0.6222972972972973,SCR_count,EDA,0.001357533428428951,0.03388083676289864,268
setup_06_full_multimodal_real_level_times,RandomForest,0.6222972972972973,SCR_rate,EDA,0.0027251940910621194,0.04353855143617986,268
setup_06_full_multimodal_real_level_times,RandomForest,0.6222972972972973,SDNN,ECG,-0.0018778617079873953,0.041304301506264796,268
setup_06_full_multimodal_real_level_times,RandomForest,0.6222972972972973,SURPRISE_max,FACE,0.0036832597663312514,0.031013933682135297,268
setup_06_full_multimodal_real_level_times,RandomForest,0.6222972972972973,SURPRISE_mean,FACE,0.0012799099739398251,0.03589194332145535,268
setup_06_full_multimodal_real_level_times,RandomForest,0.6222972972972973,SURPRISE_std,FACE,0.001981617601216973,0.025967597544688734,268
setup_06_full_multimodal_real_level_times,RandomForest,0.6222972972972973,TP,ECG,0.0022187257841224843,0.045086984383609856,268
setup_06_full_multimodal_real_level_times,RandomForest,0.6222972972972973,VLF,ECG,0.0,0.0,268
setup_06_full_multimodal_real_level_times,RandomForest,0.6222972972972973,face_observations,FACE,-0.00039834092841116485,0.03500802911294859,268
setup_06_full_multimodal_real_level_times,RandomForest,0.6222972972972973,hr_mean,ECG,0.0017639233202862428,0.031791282775989735,268
setup_06_full_multimodal_real_level_times,RandomForest,0.6222972972972973,pNN50,ECG,-0.0008951469016276557,0.03357351629886043,268
setup_06_full_multimodal_real_level_times,RandomForest,0.6222972972972973,phasic_max,EDA,0.002411978946970398,0.07551240463411169,268
setup_06_full_multimodal_real_level_times,RandomForest,0.6222972972972973,phasic_sum,EDA,0.001164496780168422,0.04185298291292172,268
setup_06_full_multimodal_real_level_times,RandomForest,0.6222972972972973,sample_entropy,ECG,0.0036829933642696443,0.043568815478920976,268
setup_07_5min_window,RandomForest,0.24036561264822132,DFA_alpha1,ECG,-0.008021965688632353,0.07495820830068207,90
setup_07_5min_window,RandomForest,0.24036561264822132,DFA_alpha2,ECG,-0.0003805515472182102,0.06596727169875354,90
setup_07_5min_window,RandomForest,0.24036561264822132,HF,ECG,0.013177088343755007,0.08867755720841956,90
setup_07_5min_window,RandomForest,0.24036561264822132,LF,ECG,0.0037362514029180708,0.0791270684450115,90
setup_07_5min_window,RandomForest,0.24036561264822132,LF_HF,ECG,0.0021277056277056285,0.09941728337902292,90
setup_07_5min_window,RandomForest,0.24036561264822132,RMSSD,ECG,0.0095659772326439,0.050252020722166744,90
setup_07_5min_window,RandomForest,0.24036561264822132,SDNN,ECG,0.0015703062369729058,0.06841407259923842,90
setup_07_5min_window,RandomForest,0.24036561264822132,TP,ECG,0.004682700016033351,0.07126599719564017,90
setup_07_5min_window,RandomForest,0.24036561264822132,VLF,ECG,0.008502966169632835,0.08294013311155812,90
setup_07_5min_window,RandomForest,0.24036561264822132,hr_mean,ECG,0.0053755812089145445,0.07410955667534862,90
setup_07_5min_window,RandomForest,0.24036561264822132,pNN50,ECG,0.0024359467692801036,0.06463634065083866,90
setup_07_5min_window,RandomForest,0.24036561264822132,sample_entropy,ECG,-0.004488856822190155,0.07946744694603523,90
setup_07_5min_window_real_level_times,RandomForest,0.24036561264822132,DFA_alpha1,ECG,-0.008021965688632353,0.07495820830068207,90
setup_07_5min_window_real_level_times,RandomForest,0.24036561264822132,DFA_alpha2,ECG,-0.0003805515472182102,0.06596727169875354,90
setup_07_5min_window_real_level_times,RandomForest,0.24036561264822132,HF,ECG,0.013177088343755007,0.08867755720841956,90
setup_07_5min_window_real_level_times,RandomForest,0.24036561264822132,LF,ECG,0.0037362514029180708,0.0791270684450115,90
setup_07_5min_window_real_level_times,RandomForest,0.24036561264822132,LF_HF,ECG,0.0021277056277056285,0.09941728337902292,90
setup_07_5min_window_real_level_times,RandomForest,0.24036561264822132,RMSSD,ECG,0.0095659772326439,0.050252020722166744,90
setup_07_5min_window_real_level_times,RandomForest,0.24036561264822132,SDNN,ECG,0.0015703062369729058,0.06841407259923842,90
setup_07_5min_window_real_level_times,RandomForest,0.24036561264822132,TP,ECG,0.004682700016033351,0.07126599719564017,90
setup_07_5min_window_real_level_times,RandomForest,0.24036561264822132,VLF,ECG,0.008502966169632835,0.08294013311155812,90
setup_07_5min_window_real_level_times,RandomForest,0.24036561264822132,hr_mean,ECG,0.0053755812089145445,0.07410955667534862,90
setup_07_5min_window_real_level_times,RandomForest,0.24036561264822132,pNN50,ECG,0.0024359467692801036,0.06463634065083866,90
setup_07_5min_window_real_level_times,RandomForest,0.24036561264822132,sample_entropy,ECG,-0.004488856822190155,0.07946744694603523,90
setup_09_heartpy,RandomForest,0.374,RMSSD,ECG,-0.006624606944250763,0.06903099831706004,100
setup_09_heartpy,RandomForest,0.374,SDNN,ECG,-0.003708435947148615,0.06534767235792775,100
setup_09_heartpy,RandomForest,0.374,hr_mean,ECG,-0.010425412786383472,0.07538703945678378,100
setup_09_heartpy,RandomForest,0.374,pNN50,ECG,-0.014501604077041532,0.07262641404280691,100
setup_09_heartpy_real_level_times,RandomForest,0.374,RMSSD,ECG,-0.006624606944250763,0.06903099831706004,100
setup_09_heartpy_real_level_times,RandomForest,0.374,SDNN,ECG,-0.003708435947148615,0.06534767235792775,100
setup_09_heartpy_real_level_times,RandomForest,0.374,hr_mean,ECG,-0.010425412786383472,0.07538703945678378,100
setup_09_heartpy_real_level_times,RandomForest,0.374,pNN50,ECG,-0.014501604077041532,0.07262641404280691,100
setup_11_raw_geq_without_time_distortion,RandomForest,0.6251492002864645,DFA_alpha1,ECG,-0.004036574536574537,0.07735744985382201,260
setup_11_raw_geq_without_time_distortion,RandomForest,0.6251492002864645,DFA_alpha2,ECG,0.0035965978465978465,0.07015392311358826,260
setup_11_raw_geq_without_time_distortion,RandomForest,0.6251492002864645,HF,ECG,-0.002711621711621711,0.08653566421599035,260
setup_11_raw_geq_without_time_distortion,RandomForest,0.6251492002864645,LF,ECG,-0.004119630369630371,0.0916520957665109,260
setup_11_raw_geq_without_time_distortion,RandomForest,0.6251492002864645,LF_HF,ECG,0.0018494560994560991,0.08898069048985724,260
setup_11_raw_geq_without_time_distortion,RandomForest,0.6251492002864645,RMSSD,ECG,0.002512543012543011,0.08967637787212929,260
setup_11_raw_geq_without_time_distortion,RandomForest,0.6251492002864645,SDNN,ECG,-0.004633394383394385,0.09083963516572081,260
setup_11_raw_geq_without_time_distortion,RandomForest,0.6251492002864645,TP,ECG,0.0030555000555000543,0.09362014317518763,260
setup_11_raw_geq_without_time_distortion,RandomForest,0.6251492002864645,VLF,ECG,0.0,0.0,260
setup_11_raw_geq_without_time_distortion,RandomForest,0.6251492002864645,hr_mean,ECG,0.0014327894327894352,0.0785360551084195,260
setup_11_raw_geq_without_time_distortion,RandomForest,0.6251492002864645,pNN50,ECG,0.007101287601287601,0.06723609832251863,260
setup_11_raw_geq_without_time_distortion,RandomForest,0.6251492002864645,sample_entropy,ECG,-0.0033813408813408827,0.10626514192024943,260
setup_11_raw_geq_without_time_distortion,LogisticRegression,0.57824063022201,DFA_alpha1,ECG,-0.010064602064602066,0.05165476983826133,260
setup_11_raw_geq_without_time_distortion,LogisticRegression,0.57824063022201,DFA_alpha2,ECG,-0.009851814851814853,0.05037960014747566,260
setup_11_raw_geq_without_time_distortion,LogisticRegression,0.57824063022201,HF,ECG,-0.01630022755022755,0.11167786505618199,260
setup_11_raw_geq_without_time_distortion,LogisticRegression,0.57824063022201,LF,ECG,-0.005342352092352092,0.10386908866132333,260
setup_11_raw_geq_without_time_distortion,LogisticRegression,0.57824063022201,LF_HF,ECG,-0.010198606948606947,0.07152121565651505,260
setup_11_raw_geq_without_time_distortion,LogisticRegression,0.57824063022201,RMSSD,ECG,-0.006731906981906982,0.07804187907078804,260
setup_11_raw_geq_without_time_distortion,LogisticRegression,0.57824063022201,SDNN,ECG,-0.02046203796203796,0.08836271034188008,260
setup_11_raw_geq_without_time_distortion,LogisticRegression,0.57824063022201,TP,ECG,-0.004337967587967585,0.14657033001556377,260
setup_11_raw_geq_without_time_distortion,LogisticRegression,0.57824063022201,VLF,ECG,0.0,0.0,260
setup_11_raw_geq_without_time_distortion,LogisticRegression,0.57824063022201,hr_mean,ECG,-0.010534299034299035,0.08040320516376644,260
setup_11_raw_geq_without_time_distortion,LogisticRegression,0.57824063022201,pNN50,ECG,-0.00451126651126651,0.08529114447373634,260
setup_11_raw_geq_without_time_distortion,LogisticRegression,0.57824063022201,sample_entropy,ECG,-0.01486441336441336,0.09445340586932319,260
setup_11_raw_geq_without_time_distortion,XGBoost,0.5519216996896634,DFA_alpha1,ECG,0.0005117105117105144,0.07750184593091934,260
setup_11_raw_geq_without_time_distortion,XGBoost,0.5519216996896634,DFA_alpha2,ECG,0.0,0.0,260
setup_11_raw_geq_without_time_distortion,XGBoost,0.5519216996896634,HF,ECG,0.004080558330558333,0.08518231662584079,260
setup_11_raw_geq_without_time_distortion,XGBoost,0.5519216996896634,LF,ECG,-5.885780885780785e-05,0.08845393031992695,260
setup_11_raw_geq_without_time_distortion,XGBoost,0.5519216996896634,LF_HF,ECG,0.007924270174270175,0.08851834919852376,260
setup_11_raw_geq_without_time_distortion,XGBoost,0.5519216996896634,RMSSD,ECG,-0.004134060384060383,0.0782894049612374,260
setup_11_raw_geq_without_time_distortion,XGBoost,0.5519216996896634,SDNN,ECG,-0.0036920024420024405,0.07776889684403052,260
setup_11_raw_geq_without_time_distortion,XGBoost,0.5519216996896634,TP,ECG,0.0002277722277722293,0.08856615778075104,260
setup_11_raw_geq_without_time_distortion,XGBoost,0.5519216996896634,VLF,ECG,0.0,0.0,260
setup_11_raw_geq_without_time_distortion,XGBoost,0.5519216996896634,hr_mean,ECG,-0.0050476190476190464,0.08103623386897824,260
setup_11_raw_geq_without_time_distortion,XGBoost,0.5519216996896634,pNN50,ECG,0.006531246531246532,0.06010594150862396,260
setup_11_raw_geq_without_time_distortion,XGBoost,0.5519216996896634,sample_entropy,ECG,0.003806304806304809,0.09685162042335593,260
setup_11_raw_geq_without_time_distortion_real_level_times,RandomForest,0.5548682703321879,DFA_alpha1,ECG,0.006160218246932241,0.06541176640903197,232
setup_11_raw_geq_without_time_distortion_real_level_times,RandomForest,0.5548682703321879,DFA_alpha2,ECG,-0.0006735664948470333,0.07456638763904802,232
setup_11_raw_geq_without_time_distortion_real_level_times,RandomForest,0.5548682703321879,HF,ECG,0.00263261484720608,0.0776009533022448,232
setup_11_raw_geq_without_time_distortion_real_level_times,RandomForest,0.5548682703321879,LF,ECG,-4.110431562147785e-06,0.07637453973726069,232
setup_11_raw_geq_without_time_distortion_real_level_times,RandomForest,0.5548682703321879,LF_HF,ECG,0.00472745153862316,0.07115775896132817,232
setup_11_raw_geq_without_time_distortion_real_level_times,RandomForest,0.5548682703321879,RMSSD,ECG,0.006556819201122048,0.06802983635254368,232
setup_11_raw_geq_without_time_distortion_real_level_times,RandomForest,0.5548682703321879,SDNN,ECG,0.005883228184246791,0.07516961514143808,232
setup_11_raw_geq_without_time_distortion_real_level_times,RandomForest,0.5548682703321879,TP,ECG,-0.004009610381093758,0.06314224508687405,232
setup_11_raw_geq_without_time_distortion_real_level_times,RandomForest,0.5548682703321879,VLF,ECG,0.0,0.0,232
setup_11_raw_geq_without_time_distortion_real_level_times,RandomForest,0.5548682703321879,hr_mean,ECG,0.006947841718158766,0.06094688309595006,232
setup_11_raw_geq_without_time_distortion_real_level_times,RandomForest,0.5548682703321879,pNN50,ECG,0.00945807935291135,0.05737980164961441,232
setup_11_raw_geq_without_time_distortion_real_level_times,RandomForest,0.5548682703321879,sample_entropy,ECG,0.0021270304557521238,0.08545375572199719,232
setup_11_raw_geq_without_time_distortion_real_level_times,LogisticRegression,0.5757159221076746,DFA_alpha1,ECG,0.0006226053639846742,0.008000091518611589,232
setup_11_raw_geq_without_time_distortion_real_level_times,LogisticRegression,0.5757159221076746,DFA_alpha2,ECG,-4.7892720306513656e-05,0.009483121437387537,232
setup_11_raw_geq_without_time_distortion_real_level_times,LogisticRegression,0.5757159221076746,HF,ECG,0.005425517515869397,0.12875365094629587,232
setup_11_raw_geq_without_time_distortion_real_level_times,LogisticRegression,0.5757159221076746,LF,ECG,0.01738624769513737,0.14797155929288497,232
setup_11_raw_geq_without_time_distortion_real_level_times,LogisticRegression,0.5757159221076746,LF_HF,ECG,-0.0006241107705632796,0.022069992973427842,232
setup_11_raw_geq_without_time_distortion_real_level_times,LogisticRegression,0.5757159221076746,RMSSD,ECG,-0.004054554327506087,0.09664604652034015,232
setup_11_raw_geq_without_time_distortion_real_level_times,LogisticRegression,0.5757159221076746,SDNN,ECG,-0.006542453734445972,0.06064072631223643,232
setup_11_raw_geq_without_time_distortion_real_level_times,LogisticRegression,0.5757159221076746,TP,ECG,0.018902811349951754,0.17233305737444343,232
setup_11_raw_geq_without_time_distortion_real_level_times,LogisticRegression,0.5757159221076746,VLF,ECG,0.0,0.0,232
setup_11_raw_geq_without_time_distortion_real_level_times,LogisticRegression,0.5757159221076746,hr_mean,ECG,-0.0042025860600580596,0.05709255793206396,232
setup_11_raw_geq_without_time_distortion_real_level_times,LogisticRegression,0.5757159221076746,pNN50,ECG,0.0017329514893784216,0.07201267073619358,232
setup_11_raw_geq_without_time_distortion_real_level_times,LogisticRegression,0.5757159221076746,sample_entropy,ECG,-0.0012095475493923318,0.08945505599449304,232
setup_11_raw_geq_without_time_distortion_real_level_times,XGBoost,0.5278350515463918,DFA_alpha1,ECG,-0.008918339251316146,0.059976696478341536,232
setup_11_raw_geq_without_time_distortion_real_level_times,XGBoost,0.5278350515463918,DFA_alpha2,ECG,0.0,0.0,232
setup_11_raw_geq_without_time_distortion_real_level_times,XGBoost,0.5278350515463918,HF,ECG,-0.005771966914869726,0.075939927488192,232
setup_11_raw_geq_without_time_distortion_real_level_times,XGBoost,0.5278350515463918,LF,ECG,-0.0024183147011438747,0.062088304571291525,232
setup_11_raw_geq_without_time_distortion_real_level_times,XGBoost,0.5278350515463918,LF_HF,ECG,-0.000288221127139902,0.05909724507102954,232
setup_11_raw_geq_without_time_distortion_real_level_times,XGBoost,0.5278350515463918,RMSSD,ECG,-0.010834744445126755,0.06577546112492805,232
setup_11_raw_geq_without_time_distortion_real_level_times,XGBoost,0.5278350515463918,SDNN,ECG,-0.006550884858054803,0.059653792760969764,232
setup_11_raw_geq_without_time_distortion_real_level_times,XGBoost,0.5278350515463918,TP,ECG,-0.0028629036554669324,0.04124670602413267,232
setup_11_raw_geq_without_time_distortion_real_level_times,XGBoost,0.5278350515463918,VLF,ECG,0.0,0.0,232
setup_11_raw_geq_without_time_distortion_real_level_times,XGBoost,0.5278350515463918,hr_mean,ECG,-0.0015112012170835699,0.05623335087305648,232
setup_11_raw_geq_without_time_distortion_real_level_times,XGBoost,0.5278350515463918,pNN50,ECG,-0.001026139322064888,0.04997762019026826,232
setup_11_raw_geq_without_time_distortion_real_level_times,XGBoost,0.5278350515463918,sample_entropy,ECG,-0.009235663327128624,0.07680431845417943,232
setup_12_biraffe2_baseline_correction,RandomForest,0.6725528140622481,DFA_alpha1,ECG,-0.006111974721840194,0.07632917459072547,223
setup_12_biraffe2_baseline_correction,RandomForest,0.6725528140622481,DFA_alpha2,ECG,-0.0031956981732766485,0.08000474403463667,223
setup_12_biraffe2_baseline_correction,RandomForest,0.6725528140622481,HF,ECG,-0.007694487873860073,0.07350900140046734,223
setup_12_biraffe2_baseline_correction,RandomForest,0.6725528140622481,LF,ECG,-0.0027228078349154586,0.06446153350496744,223
setup_12_biraffe2_baseline_correction,RandomForest,0.6725528140622481,LF_HF,ECG,0.00048544131503772586,0.08573304539135178,223
setup_12_biraffe2_baseline_correction,RandomForest,0.6725528140622481,RMSSD,ECG,-0.0050972943349624975,0.0580478737105312,223
setup_12_biraffe2_baseline_correction,RandomForest,0.6725528140622481,SDNN,ECG,-0.0026671908062042594,0.07008148225342747,223
setup_12_biraffe2_baseline_correction,RandomForest,0.6725528140622481,TP,ECG,0.0003851454972531206,0.06521503551709791,223
setup_12_biraffe2_baseline_correction,RandomForest,0.6725528140622481,VLF,ECG,0.0,0.0,223
setup_12_biraffe2_baseline_correction,RandomForest,0.6725528140622481,hr_mean,ECG,-0.006824976219595054,0.07475806387938204,223
setup_12_biraffe2_baseline_correction,RandomForest,0.6725528140622481,pNN50,ECG,-0.0014489546328111341,0.05236186129140917,223
setup_12_biraffe2_baseline_correction,RandomForest,0.6725528140622481,sample_entropy,ECG,-0.004325801254052376,0.0684171654983476,223
setup_12_biraffe2_baseline_correction,LogisticRegression,0.6636832768908242,DFA_alpha1,ECG,-0.0002605167627589154,0.01774658653097832,223
setup_12_biraffe2_baseline_correction,LogisticRegression,0.6636832768908242,DFA_alpha2,ECG,-0.0005968396327140724,0.020701252953067597,223
setup_12_biraffe2_baseline_correction,LogisticRegression,0.6636832768908242,HF,ECG,0.0017963949354083868,0.0616270152692961,223
setup_12_biraffe2_baseline_correction,LogisticRegression,0.6636832768908242,LF,ECG,0.02347111035451843,0.1455901559298165,223
setup_12_biraffe2_baseline_correction,LogisticRegression,0.6636832768908242,LF_HF,ECG,0.012530907060055042,0.1335778043592161,223
setup_12_biraffe2_baseline_correction,LogisticRegression,0.6636832768908242,RMSSD,ECG,0.0019141695374879238,0.09045421762883998,223
setup_12_biraffe2_baseline_correction,LogisticRegression,0.6636832768908242,SDNN,ECG,0.0016063980862187144,0.0998377018357952,223
setup_12_biraffe2_baseline_correction,LogisticRegression,0.6636832768908242,TP,ECG,0.017169840622755426,0.1634568383974341,223
setup_12_biraffe2_baseline_correction,LogisticRegression,0.6636832768908242,VLF,ECG,0.0,0.0,223
setup_12_biraffe2_baseline_correction,LogisticRegression,0.6636832768908242,hr_mean,ECG,0.006088881223410371,0.05947715602688375,223
setup_12_biraffe2_baseline_correction,LogisticRegression,0.6636832768908242,pNN50,ECG,0.010432519647766286,0.06944519632412605,223
setup_12_biraffe2_baseline_correction,LogisticRegression,0.6636832768908242,sample_entropy,ECG,0.004727738629083921,0.033510630223227665,223
setup_12_biraffe2_baseline_correction,XGBoost,0.6657797129495242,DFA_alpha1,ECG,0.0005902318906803228,0.08546591656112475,223
setup_12_biraffe2_baseline_correction,XGBoost,0.6657797129495242,DFA_alpha2,ECG,0.0,0.0,223
setup_12_biraffe2_baseline_correction,XGBoost,0.6657797129495242,HF,ECG,-0.00633202373112687,0.09717722812412553,223
setup_12_biraffe2_baseline_correction,XGBoost,0.6657797129495242,LF,ECG,-0.004511482538388368,0.07061927888441599,223
setup_12_biraffe2_baseline_correction,XGBoost,0.6657797129495242,LF_HF,ECG,-0.007209457209457209,0.10989227189759997,223
setup_12_biraffe2_baseline_correction,XGBoost,0.6657797129495242,RMSSD,ECG,-0.007198182982936344,0.05826713404044039,223
setup_12_biraffe2_baseline_correction,XGBoost,0.6657797129495242,SDNN,ECG,-0.000908635460204966,0.06760406608075621,223
setup_12_biraffe2_baseline_correction,XGBoost,0.6657797129495242,TP,ECG,-0.004608724608724609,0.0666819054938338,223
setup_12_biraffe2_baseline_correction,XGBoost,0.6657797129495242,VLF,ECG,0.0,0.0,223
setup_12_biraffe2_baseline_correction,XGBoost,0.6657797129495242,hr_mean,ECG,-0.004799759284064217,0.09283311720650501,223
setup_12_biraffe2_baseline_correction,XGBoost,0.6657797129495242,pNN50,ECG,0.00032580274732741245,0.056934301584488735,223
setup_12_biraffe2_baseline_correction,XGBoost,0.6657797129495242,sample_entropy,ECG,-0.006173684312697766,0.07040424827144696,223
setup_12_biraffe2_baseline_correction,kNN,0.6069585550717627,DFA_alpha1,ECG,0.006087231154495726,0.10854992605083331,223
setup_12_biraffe2_baseline_correction,kNN,0.6069585550717627,DFA_alpha2,ECG,0.009061939555213096,0.1082417904564737,223
setup_12_biraffe2_baseline_correction,kNN,0.6069585550717627,HF,ECG,0.00096012358344197,0.09920450231797194,223
setup_12_biraffe2_baseline_correction,kNN,0.6069585550717627,LF,ECG,0.006841051325356256,0.10289529018051834,223
setup_12_biraffe2_baseline_correction,kNN,0.6069585550717627,LF_HF,ECG,-0.00027887657932501136,0.09876304507983111,223
setup_12_biraffe2_baseline_correction,kNN,0.6069585550717627,RMSSD,ECG,0.003150489271565504,0.09364430607501402,223
setup_12_biraffe2_baseline_correction,kNN,0.6069585550717627,SDNN,ECG,0.010603701231503922,0.09587046297078179,223
setup_12_biraffe2_baseline_correction,kNN,0.6069585550717627,TP,ECG,-0.004529573565448003,0.1196039584316552,223
setup_12_biraffe2_baseline_correction,kNN,0.6069585550717627,VLF,ECG,0.0,0.0,223
setup_12_biraffe2_baseline_correction,kNN,0.6069585550717627,hr_mean,ECG,0.009782101306764985,0.1301404732428691,223
setup_12_biraffe2_baseline_correction,kNN,0.6069585550717627,pNN50,ECG,0.0032491350204354695,0.08312774602244495,223
setup_12_biraffe2_baseline_correction,kNN,0.6069585550717627,sample_entropy,ECG,0.006191304958121102,0.10664707030287056,223
setup_12_biraffe2_baseline_correction,SVM,0.6756974681502983,DFA_alpha1,ECG,-0.0029698328577252337,0.07563781177750914,223
setup_12_biraffe2_baseline_correction,SVM,0.6756974681502983,DFA_alpha2,ECG,-0.006025521563638156,0.06762069880441975,223
setup_12_biraffe2_baseline_correction,SVM,0.6756974681502983,HF,ECG,0.001203863401172819,0.08405830175376741,223
setup_12_biraffe2_baseline_correction,SVM,0.6756974681502983,LF,ECG,0.013256026484726034,0.08897636584797602,223
setup_12_biraffe2_baseline_correction,SVM,0.6756974681502983,LF_HF,ECG,0.0007646538812458101,0.09837035674867324,223
setup_12_biraffe2_baseline_correction,SVM,0.6756974681502983,RMSSD,ECG,-0.0010750385638278019,0.038684358555955464,223
setup_12_biraffe2_baseline_correction,SVM,0.6756974681502983,SDNN,ECG,0.002112521260503323,0.0625097242116077,223
setup_12_biraffe2_baseline_correction,SVM,0.6756974681502983,TP,ECG,0.0017165495192401027,0.06029147520966881,223
setup_12_biraffe2_baseline_correction,SVM,0.6756974681502983,VLF,ECG,0.0,0.0,223
setup_12_biraffe2_baseline_correction,SVM,0.6756974681502983,hr_mean,ECG,0.009150214508958905,0.07295483379400151,223
setup_12_biraffe2_baseline_correction,SVM,0.6756974681502983,pNN50,ECG,0.006465694245963303,0.05987003223683,223
setup_12_biraffe2_baseline_correction,SVM,0.6756974681502983,sample_entropy,ECG,0.005207520431735678,0.06741072317093821,223
setup_12_biraffe2_baseline_correction_real_level_times,RandomForest,0.6640037593984962,DFA_alpha1,ECG,-0.003700990367657034,0.06571734321480618,207
setup_12_biraffe2_baseline_correction_real_level_times,RandomForest,0.6640037593984962,DFA_alpha2,ECG,-0.003961500120920411,0.05938907632611818,207
setup_12_biraffe2_baseline_correction_real_level_times,RandomForest,0.6640037593984962,HF,ECG,0.0008493090377148357,0.06904936074995471,207
setup_12_biraffe2_baseline_correction_real_level_times,RandomForest,0.6640037593984962,LF,ECG,0.00010866213764764497,0.05928889381054284,207
setup_12_biraffe2_baseline_correction_real_level_times,RandomForest,0.6640037593984962,LF_HF,ECG,-0.0017247325942978133,0.08562045693898021,207
setup_12_biraffe2_baseline_correction_real_level_times,RandomForest,0.6640037593984962,RMSSD,ECG,-0.006891018267829861,0.05364924053683963,207
setup_12_biraffe2_baseline_correction_real_level_times,RandomForest,0.6640037593984962,SDNN,ECG,-0.007014327594037738,0.07253053955618219,207
setup_12_biraffe2_baseline_correction_real_level_times,RandomForest,0.6640037593984962,TP,ECG,-0.0039624224406833095,0.0694189602383575,207
setup_12_biraffe2_baseline_correction_real_level_times,RandomForest,0.6640037593984962,VLF,ECG,0.0,0.0,207
setup_12_biraffe2_baseline_correction_real_level_times,RandomForest,0.6640037593984962,hr_mean,ECG,-0.0011582405785304352,0.07796235332665627,207
setup_12_biraffe2_baseline_correction_real_level_times,RandomForest,0.6640037593984962,pNN50,ECG,-0.0022322202756985374,0.07235307557871762,207
setup_12_biraffe2_baseline_correction_real_level_times,RandomForest,0.6640037593984962,sample_entropy,ECG,-0.0049069395446207035,0.0694752309886986,207
setup_12_biraffe2_baseline_correction_real_level_times,LogisticRegression,0.64953007518797,DFA_alpha1,ECG,0.0009983896940418682,0.012450503079361519,207
setup_12_biraffe2_baseline_correction_real_level_times,LogisticRegression,0.64953007518797,DFA_alpha2,ECG,0.0015780998389694045,0.01445949395256141,207
setup_12_biraffe2_baseline_correction_real_level_times,LogisticRegression,0.64953007518797,HF,ECG,-0.0018157821781010187,0.06708229888664255,207
setup_12_biraffe2_baseline_correction_real_level_times,LogisticRegression,0.64953007518797,LF,ECG,0.017667858175104554,0.11526872143845594,207
setup_12_biraffe2_baseline_correction_real_level_times,LogisticRegression,0.64953007518797,LF_HF,ECG,0.010355270065414991,0.11607363206397227,207
setup_12_biraffe2_baseline_correction_real_level_times,LogisticRegression,0.64953007518797,RMSSD,ECG,0.01471279927801667,0.07977296356726847,207
setup_12_biraffe2_baseline_correction_real_level_times,LogisticRegression,0.64953007518797,SDNN,ECG,0.005668365450974148,0.08479689138873478,207
setup_12_biraffe2_baseline_correction_real_level_times,LogisticRegression,0.64953007518797,TP,ECG,0.008756560133371729,0.12425807349192412,207
setup_12_biraffe2_baseline_correction_real_level_times,LogisticRegression,0.64953007518797,VLF,ECG,0.0,0.0,207
setup_12_biraffe2_baseline_correction_real_level_times,LogisticRegression,0.64953007518797,hr_mean,ECG,-0.0011148272017837237,0.03411340326738102,207
setup_12_biraffe2_baseline_correction_real_level_times,LogisticRegression,0.64953007518797,pNN50,ECG,0.0037753121811092832,0.06361891823285404,207
setup_12_biraffe2_baseline_correction_real_level_times,LogisticRegression,0.64953007518797,sample_entropy,ECG,-0.0003416738923985302,0.04305781320500892,207
setup_12_biraffe2_baseline_correction_real_level_times,XGBoost,0.6296052631578947,DFA_alpha1,ECG,-0.0014226996835692484,0.07138575610934525,207
setup_12_biraffe2_baseline_correction_real_level_times,XGBoost,0.6296052631578947,DFA_alpha2,ECG,0.0,0.0,207
setup_12_biraffe2_baseline_correction_real_level_times,XGBoost,0.6296052631578947,HF,ECG,0.003574136545151038,0.06444805909622667,207
setup_12_biraffe2_baseline_correction_real_level_times,XGBoost,0.6296052631578947,LF,ECG,-0.000801967758489498,0.06069102584616491,207
setup_12_biraffe2_baseline_correction_real_level_times,XGBoost,0.6296052631578947,LF_HF,ECG,0.0009648992982326301,0.09726283679303524,207
setup_12_biraffe2_baseline_correction_real_level_times,XGBoost,0.6296052631578947,RMSSD,ECG,-0.0021457688848993224,0.07468279295459972,207
setup_12_biraffe2_baseline_correction_real_level_times,XGBoost,0.6296052631578947,SDNN,ECG,0.0016041955897028366,0.059838231010562716,207
setup_12_biraffe2_baseline_correction_real_level_times,XGBoost,0.6296052631578947,TP,ECG,0.004392920552340843,0.07593747254796673,207
setup_12_biraffe2_baseline_correction_real_level_times,XGBoost,0.6296052631578947,VLF,ECG,0.0,0.0,207
setup_12_biraffe2_baseline_correction_real_level_times,XGBoost,0.6296052631578947,hr_mean,ECG,0.0007535701013961894,0.07460179554321077,207
setup_12_biraffe2_baseline_correction_real_level_times,XGBoost,0.6296052631578947,pNN50,ECG,-0.002594279043554407,0.0655479165781509,207
setup_12_biraffe2_baseline_correction_real_level_times,XGBoost,0.6296052631578947,sample_entropy,ECG,-0.0012200091910236845,0.059883732622886376,207
setup_12_biraffe2_baseline_correction_real_level_times,kNN,0.6100563909774436,DFA_alpha1,ECG,0.001586263977568326,0.10378938326211834,207
setup_12_biraffe2_baseline_correction_real_level_times,kNN,0.6100563909774436,DFA_alpha2,ECG,-0.002411825962550599,0.09836271892501489,207
setup_12_biraffe2_baseline_correction_real_level_times,kNN,0.6100563909774436,HF,ECG,0.0022351481047133237,0.09059597468525091,207
setup_12_biraffe2_baseline_correction_real_level_times,kNN,0.6100563909774436,LF,ECG,-0.0007531598835946661,0.09609468289341941,207
setup_12_biraffe2_baseline_correction_real_level_times,kNN,0.6100563909774436,LF_HF,ECG,-0.016951540139945934,0.12756497068033626,207
setup_12_biraffe2_baseline_correction_real_level_times,kNN,0.6100563909774436,RMSSD,ECG,-0.0030631499472079174,0.07878481871179145,207
setup_12_biraffe2_baseline_correction_real_level_times,kNN,0.6100563909774436,SDNN,ECG,-0.0039450056116722785,0.08127948747923004,207
setup_12_biraffe2_baseline_correction_real_level_times,kNN,0.6100563909774436,TP,ECG,0.010781679404867812,0.09980527552574905,207
setup_12_biraffe2_baseline_correction_real_level_times,kNN,0.6100563909774436,VLF,ECG,0.0,0.0,207
setup_12_biraffe2_baseline_correction_real_level_times,kNN,0.6100563909774436,hr_mean,ECG,-0.00224160434305362,0.08965083068535237,207
setup_12_biraffe2_baseline_correction_real_level_times,kNN,0.6100563909774436,pNN50,ECG,-0.0038863096109472903,0.07209216895201706,207
setup_12_biraffe2_baseline_correction_real_level_times,kNN,0.6100563909774436,sample_entropy,ECG,0.00028429702342745874,0.10288196339631954,207
setup_12_biraffe2_baseline_correction_real_level_times,SVM,0.6333176691729324,DFA_alpha1,ECG,-0.0018094707225142005,0.06937576553211836,207
setup_12_biraffe2_baseline_correction_real_level_times,SVM,0.6333176691729324,DFA_alpha2,ECG,-0.004890316339591702,0.06912752649690777,207
setup_12_biraffe2_baseline_correction_real_level_times,SVM,0.6333176691729324,HF,ECG,-0.009561560286197967,0.06222532885434514,207
setup_12_biraffe2_baseline_correction_real_level_times,SVM,0.6333176691729324,LF,ECG,-0.005508072174738841,0.0776113718039222,207
setup_12_biraffe2_baseline_correction_real_level_times,SVM,0.6333176691729324,LF_HF,ECG,-0.008750479257725634,0.09047587423783983,207
setup_12_biraffe2_baseline_correction_real_level_times,SVM,0.6333176691729324,RMSSD,ECG,-0.0019189479334406868,0.06678792279556871,207
setup_12_biraffe2_baseline_correction_real_level_times,SVM,0.6333176691729324,SDNN,ECG,-0.00577046946612164,0.07905871373224004,207
setup_12_biraffe2_baseline_correction_real_level_times,SVM,0.6333176691729324,TP,ECG,-0.012569411265063439,0.06627033964638758,207
setup_12_biraffe2_baseline_correction_real_level_times,SVM,0.6333176691729324,VLF,ECG,0.0,0.0,207
setup_12_biraffe2_baseline_correction_real_level_times,SVM,0.6333176691729324,hr_mean,ECG,0.0012279910105997076,0.08137884698044959,207
setup_12_biraffe2_baseline_correction_real_level_times,SVM,0.6333176691729324,pNN50,ECG,-0.0025712988031828606,0.052172768133175944,207
setup_12_biraffe2_baseline_correction_real_level_times,SVM,0.6333176691729324,sample_entropy,ECG,-0.0022769608276854638,0.06195931935573614,207
